url_json,archivo,estado
https://cifras.conicet.gov.ar/archivos-grafico/002c314c70143feaef6af1447000d285-Mapa.json,conicet_json_completo/json/002c314c70143feaef6af1447000d285-Mapa.json,descargado
https://cifras.conicet.gov.ar/archivos-grafico/01992a352548aa6a4352e673aa19a6a7-Bar.json,conicet_json_completo/json/01992a352548aa6a4352e673aa19a6a7-Bar.json,descargado
https://cifras.conicet.gov.ar/archivos-grafico/021927ec790216411d8135deee9880cb.json,conicet_json_completo/json/021927ec790216411d8135deee9880cb.json,descargado
https://cifras.conicet.gov.ar/archivos-grafico/021b5f9aeb9a6a9b5debc620d0854040.json,conicet_json_completo/json/021b5f9aeb9a6a9b5debc620d0854040.json,descargado
https://cifras.conicet.gov.ar/archivos-grafico/03d41257c1c3c70f1b965c15c0905c23-ZoomableSunburst.json,conicet_json_completo/json/03d41257c1c3c70f1b965c15c0905c23-ZoomableSunburst.json,descargado
https://cifras.conicet.gov.ar/archivos-grafico/03fb0975e8790abbe4f0a392c676b2b1-Mapa.json,conicet_json_completo/json/03fb0975e8790abbe4f0a392c676b2b1-Mapa.json,descargado
https://cifras.conicet.gov.ar/archivos-grafico/0680a9951b2737c2916e6f6ac0055042-Pie.json,conicet_json_completo/json/0680a9951b2737c2916e6f6ac0055042-Pie.json,descargado
https://cifras.conicet.gov.ar/archivos-grafico/073d8eafd14138d897266b399241333a-Mapa.json,conicet_json_completo/json/073d8eafd14138d897266b399241333a-Mapa.json,descargado
https://cifras.conicet.gov.ar/archivos-grafico/08708cfd23aed994ad0fdc5b37112d65.json,conicet_json_completo/json/08708cfd23aed994ad0fdc5b37112d65.json,descargado
https://cifras.conicet.gov.ar/archivos-grafico/095875a9bfe7a04c7216120f8aa9203d.json,conicet_json_completo/json/095875a9bfe7a04c7216120f8aa9203d.json,descargado
https://cifras.conicet.gov.ar/archivos-grafico/0accc34ae39b6633b6163ec52507623d.json,conicet_json_completo/json/0accc34ae39b6633b6163ec52507623d.json,descargado
https://cifras.conicet.gov.ar/archivos-grafico/0c4d508696e29da61e1d2c35bfb3a470-Line.json,conicet_json_completo/json/0c4d508696e29da61e1d2c35bfb3a470-Line.json,descargado
https://cifras.conicet.gov.ar/archivos-grafico/0d6d06f716d822230c31d3d67a9b867b.json,conicet_json_completo/json/0d6d06f716d822230c31d3d67a9b867b.json,descargado
https://cifras.conicet.gov.ar/archivos-grafico/0db1aca1a0dccd4aa7a231ca03e40c01-Bar.json,conicet_json_completo/json/0db1aca1a0dccd4aa7a231ca03e40c01-Bar.json,descargado
https://cifras.conicet.gov.ar/archivos-grafico/0ee21d9038cdaf315475f0d8bb4e82c2.json,conicet_json_completo/json/0ee21d9038cdaf315475f0d8bb4e82c2.json,descargado
https://cifras.conicet.gov.ar/archivos-grafico/0f0c953de9f0b4752f88b85766e51e6c-Pie.json,conicet_json_completo/json/0f0c953de9f0b4752f88b85766e51e6c-Pie.json,descargado
https://cifras.conicet.gov.ar/archivos-grafico/0f3eabbc3f08badd3df740df0cc87fdb-Mapa.json,conicet_json_completo/json/0f3eabbc3f08badd3df740df0cc87fdb-Mapa.json,descargado
https://cifras.conicet.gov.ar/archivos-grafico/0f885b58ca50322fd9fc1b804cb2ea0f.json,conicet_json_completo/json/0f885b58ca50322fd9fc1b804cb2ea0f.json,descargado
https://cifras.conicet.gov.ar/archivos-grafico/0fcf31eb865687e70ecfcce4cf34f4e2-ColumnSimple.json,conicet_json_completo/json/0fcf31eb865687e70ecfcce4cf34f4e2-ColumnSimple.json,descargado
https://cifras.conicet.gov.ar/archivos-grafico/1045f05cffa98822b03c1d295d350a2d.json,conicet_json_completo/json/1045f05cffa98822b03c1d295d350a2d.json,descargado
https://cifras.conicet.gov.ar/archivos-grafico/10902727cf3c1d403f11c224ba6dcf88.json,conicet_json_completo/json/10902727cf3c1d403f11c224ba6dcf88.json,descargado
https://cifras.conicet.gov.ar/archivos-grafico/12144720681293ed9372f60a72ac9a81.json,conicet_json_completo/json/12144720681293ed9372f60a72ac9a81.json,descargado
https://cifras.conicet.gov.ar/archivos-grafico/123ecfbc2ebd22f36b781cffea3dfdf8.json,conicet_json_completo/json/123ecfbc2ebd22f36b781cffea3dfdf8.json,descargado
https://cifras.conicet.gov.ar/archivos-grafico/12bc64b72887c9c109c2c814ed1fb45c-Pie.json,conicet_json_completo/json/12bc64b72887c9c109c2c814ed1fb45c-Pie.json,descargado
https://cifras.conicet.gov.ar/archivos-grafico/13326446893d0b970c76f2b7593951a6.json,conicet_json_completo/json/13326446893d0b970c76f2b7593951a6.json,descargado
https://cifras.conicet.gov.ar/archivos-grafico/1344393b2c0bc06b6d6dca1eb95f3fd8-Bar.json,conicet_json_completo/json/1344393b2c0bc06b6d6dca1eb95f3fd8-Bar.json,descargado
https://cifras.conicet.gov.ar/archivos-grafico/152590fae5ae9422c45fb58cb7a1becb.json,conicet_json_completo/json/152590fae5ae9422c45fb58cb7a1becb.json,descargado
https://cifras.conicet.gov.ar/archivos-grafico/165476c1424a74b509857d39c1ac4067.json,conicet_json_completo/json/165476c1424a74b509857d39c1ac4067.json,descargado
https://cifras.conicet.gov.ar/archivos-grafico/16db84bbe614b5c0ccb4909dd347ed9a-Mapa.json,conicet_json_completo/json/16db84bbe614b5c0ccb4909dd347ed9a-Mapa.json,descargado
https://cifras.conicet.gov.ar/archivos-grafico/16ec452d8c1d1206a92446b74106d9de.json,conicet_json_completo/json/16ec452d8c1d1206a92446b74106d9de.json,descargado
https://cifras.conicet.gov.ar/archivos-grafico/17628bf99be80721d42958b3aef06f22.json,conicet_json_completo/json/17628bf99be80721d42958b3aef06f22.json,descargado
https://cifras.conicet.gov.ar/archivos-grafico/17f94f2c1398071c26873862277d36ff.json,conicet_json_completo/json/17f94f2c1398071c26873862277d36ff.json,descargado
https://cifras.conicet.gov.ar/archivos-grafico/18b2a20c1b6334f0fb09a24cdbce3187.json,conicet_json_completo/json/18b2a20c1b6334f0fb09a24cdbce3187.json,descargado
https://cifras.conicet.gov.ar/archivos-grafico/19454fcc06697a5b2b4b046fb5bf8448.json,conicet_json_completo/json/19454fcc06697a5b2b4b046fb5bf8448.json,descargado
https://cifras.conicet.gov.ar/archivos-grafico/195ee58f8657514478192bd38f230a71-ColumnSimple.json,conicet_json_completo/json/195ee58f8657514478192bd38f230a71-ColumnSimple.json,descargado
https://cifras.conicet.gov.ar/archivos-grafico/1a38d9591a8a7a42c08cc4df7e832181-Mapa.json,conicet_json_completo/json/1a38d9591a8a7a42c08cc4df7e832181-Mapa.json,descargado
https://cifras.conicet.gov.ar/archivos-grafico/1db387828343e3b9d2b96092cc145618-Pie.json,conicet_json_completo/json/1db387828343e3b9d2b96092cc145618-Pie.json,descargado
https://cifras.conicet.gov.ar/archivos-grafico/1e3f09176318a76f90a86c97e71a6767.json,conicet_json_completo/json/1e3f09176318a76f90a86c97e71a6767.json,descargado
https://cifras.conicet.gov.ar/archivos-grafico/1eb6e8f04618bcbbde886342c96f39cf-Mapa.json,conicet_json_completo/json/1eb6e8f04618bcbbde886342c96f39cf-Mapa.json,descargado
https://cifras.conicet.gov.ar/archivos-grafico/1f6c0f01a56a5f2096f7d1590264c177.json,conicet_json_completo/json/1f6c0f01a56a5f2096f7d1590264c177.json,descargado
https://cifras.conicet.gov.ar/archivos-grafico/20abe37d6f15d9c70f17cd6af3ed8c6b-Mapa.json,conicet_json_completo/json/20abe37d6f15d9c70f17cd6af3ed8c6b-Mapa.json,descargado
https://cifras.conicet.gov.ar/archivos-grafico/20d6abae65fb06cbf5a70291a085d7fb-ZoomableSunburst.json,conicet_json_completo/json/20d6abae65fb06cbf5a70291a085d7fb-ZoomableSunburst.json,descargado
https://cifras.conicet.gov.ar/archivos-grafico/20ec249225ace4d53b47523395ee037a.json,conicet_json_completo/json/20ec249225ace4d53b47523395ee037a.json,descargado
https://cifras.conicet.gov.ar/archivos-grafico/213da34441a57c144473b72af1c32578.json,conicet_json_completo/json/213da34441a57c144473b72af1c32578.json,descargado
https://cifras.conicet.gov.ar/archivos-grafico/22db600c7d92744c6c5ea2c413acc51c.json,conicet_json_completo/json/22db600c7d92744c6c5ea2c413acc51c.json,descargado
https://cifras.conicet.gov.ar/archivos-grafico/2567a90f7ffea78ae43984775af55bb6.json,conicet_json_completo/json/2567a90f7ffea78ae43984775af55bb6.json,descargado
https://cifras.conicet.gov.ar/archivos-grafico/25f09f131184a5ce7b547efdd01cb947-Mapa.json,conicet_json_completo/json/25f09f131184a5ce7b547efdd01cb947-Mapa.json,descargado
https://cifras.conicet.gov.ar/archivos-grafico/26ae1d94eecdb449bc380a742690e0fd.json,conicet_json_completo/json/26ae1d94eecdb449bc380a742690e0fd.json,descargado
https://cifras.conicet.gov.ar/archivos-grafico/278ab55a836242b3eef5885bf0565439.json,conicet_json_completo/json/278ab55a836242b3eef5885bf0565439.json,descargado
https://cifras.conicet.gov.ar/archivos-grafico/28725b4eab3e8ea7863d55a03ec0a824-Mapa.json,conicet_json_completo/json/28725b4eab3e8ea7863d55a03ec0a824-Mapa.json,descargado
https://cifras.conicet.gov.ar/archivos-grafico/293304de838446a8e383093bece606c5.json,conicet_json_completo/json/293304de838446a8e383093bece606c5.json,descargado
https://cifras.conicet.gov.ar/archivos-grafico/2a9de92322b1f8159378bdad9bc019a8-Pie.json,conicet_json_completo/json/2a9de92322b1f8159378bdad9bc019a8-Pie.json,descargado
https://cifras.conicet.gov.ar/archivos-grafico/2bbba13305b132bf51ae76c1a6f0d6e2-Mapa.json,conicet_json_completo/json/2bbba13305b132bf51ae76c1a6f0d6e2-Mapa.json,descargado
https://cifras.conicet.gov.ar/archivos-grafico/2bc42dd32cc5439abb1bfa9ec8dafada.json,conicet_json_completo/json/2bc42dd32cc5439abb1bfa9ec8dafada.json,descargado
https://cifras.conicet.gov.ar/archivos-grafico/2becc863f8526450d28505126d347694-Mapa.json,conicet_json_completo/json/2becc863f8526450d28505126d347694-Mapa.json,descargado
https://cifras.conicet.gov.ar/archivos-grafico/2c081ffc07bc7c47796159464df74a10-Bar.json,conicet_json_completo/json/2c081ffc07bc7c47796159464df74a10-Bar.json,descargado
https://cifras.conicet.gov.ar/archivos-grafico/2d7f9fdb0242a9e623dfa52ef133957d-Mapa.json,conicet_json_completo/json/2d7f9fdb0242a9e623dfa52ef133957d-Mapa.json,descargado
https://cifras.conicet.gov.ar/archivos-grafico/2f4c6d5737728ca61cec43f5bdcb5b8f-Pie.json,conicet_json_completo/json/2f4c6d5737728ca61cec43f5bdcb5b8f-Pie.json,descargado
https://cifras.conicet.gov.ar/archivos-grafico/306f3130bb4a574ace8f4da387691fc5-Pie.json,conicet_json_completo/json/306f3130bb4a574ace8f4da387691fc5-Pie.json,descargado
https://cifras.conicet.gov.ar/archivos-grafico/30adf522c31436b9d6ee7e03863c31e0-ZoomableCircle.json,conicet_json_completo/json/30adf522c31436b9d6ee7e03863c31e0-ZoomableCircle.json,descargado
https://cifras.conicet.gov.ar/archivos-grafico/31a5bf99f23a994d89c84af07c69e912-Mapa.json,conicet_json_completo/json/31a5bf99f23a994d89c84af07c69e912-Mapa.json,descargado
https://cifras.conicet.gov.ar/archivos-grafico/31c18a8e4bc1f97de300e9c74065118e.json,conicet_json_completo/json/31c18a8e4bc1f97de300e9c74065118e.json,descargado
https://cifras.conicet.gov.ar/archivos-grafico/3204a55a9d3f616264622ef143e4edbc.json,conicet_json_completo/json/3204a55a9d3f616264622ef143e4edbc.json,descargado
https://cifras.conicet.gov.ar/archivos-grafico/3212b461abf4b0ca235f19178b1cc1d3.json,conicet_json_completo/json/3212b461abf4b0ca235f19178b1cc1d3.json,descargado
https://cifras.conicet.gov.ar/archivos-grafico/327c8dad3e8b9ff3829249688c7d800f-Pie.json,conicet_json_completo/json/327c8dad3e8b9ff3829249688c7d800f-Pie.json,descargado
https://cifras.conicet.gov.ar/archivos-grafico/32f535247d00e6a0f5f5a09ab152a537.json,conicet_json_completo/json/32f535247d00e6a0f5f5a09ab152a537.json,descargado
https://cifras.conicet.gov.ar/archivos-grafico/338e350e6b471c4bef1049550286da18.json,conicet_json_completo/json/338e350e6b471c4bef1049550286da18.json,descargado
https://cifras.conicet.gov.ar/archivos-grafico/3440b95677c099c3d3ecd8e1a8f45859.json,conicet_json_completo/json/3440b95677c099c3d3ecd8e1a8f45859.json,descargado
https://cifras.conicet.gov.ar/archivos-grafico/348a7f388da67dbe4e4a8d358d4836bf.json,conicet_json_completo/json/348a7f388da67dbe4e4a8d358d4836bf.json,descargado
https://cifras.conicet.gov.ar/archivos-grafico/35dd82f2d600fb395d5162ff984be0f3-Pie.json,conicet_json_completo/json/35dd82f2d600fb395d5162ff984be0f3-Pie.json,descargado
https://cifras.conicet.gov.ar/archivos-grafico/360cfb0e938692b08d7616d7cc0d6168-Mapa.json,conicet_json_completo/json/360cfb0e938692b08d7616d7cc0d6168-Mapa.json,descargado
https://cifras.conicet.gov.ar/archivos-grafico/36616db9a09753a4bfe7594dcd5aae1e-Mapa.json,conicet_json_completo/json/36616db9a09753a4bfe7594dcd5aae1e-Mapa.json,descargado
https://cifras.conicet.gov.ar/archivos-grafico/3681e44aa21dc1fc063ce0b231dd96a7-Pie.json,conicet_json_completo/json/3681e44aa21dc1fc063ce0b231dd96a7-Pie.json,descargado
https://cifras.conicet.gov.ar/archivos-grafico/374633546f1c926b2212a841cef12f78-ZoomableCircle.json,conicet_json_completo/json/374633546f1c926b2212a841cef12f78-ZoomableCircle.json,descargado
https://cifras.conicet.gov.ar/archivos-grafico/37e9c78329d4bbbfe6a8d751aea5c52a-Line.json,conicet_json_completo/json/37e9c78329d4bbbfe6a8d751aea5c52a-Line.json,descargado
https://cifras.conicet.gov.ar/archivos-grafico/37fdd99eeb5921e02ea55ee73e075688.json,conicet_json_completo/json/37fdd99eeb5921e02ea55ee73e075688.json,descargado
https://cifras.conicet.gov.ar/archivos-grafico/393c8ae038b9ef0bf3c8b3b03bbf700d-Bar.json,conicet_json_completo/json/393c8ae038b9ef0bf3c8b3b03bbf700d-Bar.json,descargado
https://cifras.conicet.gov.ar/archivos-grafico/39c55e14f6e054894c3f893babffddda.json,conicet_json_completo/json/39c55e14f6e054894c3f893babffddda.json,descargado
https://cifras.conicet.gov.ar/archivos-grafico/39ef6575ba50ca1de23727d24dda3124.json,conicet_json_completo/json/39ef6575ba50ca1de23727d24dda3124.json,descargado
https://cifras.conicet.gov.ar/archivos-grafico/3a1741567b31ae427a263ee3bf84a1d8-Mapa.json,conicet_json_completo/json/3a1741567b31ae427a263ee3bf84a1d8-Mapa.json,descargado
https://cifras.conicet.gov.ar/archivos-grafico/3ac8c7d11a32ea56b35fd086f6c20fb2.json,conicet_json_completo/json/3ac8c7d11a32ea56b35fd086f6c20fb2.json,descargado
https://cifras.conicet.gov.ar/archivos-grafico/3b1ed5a9062374a15834fcdb047349a9-Bar.json,conicet_json_completo/json/3b1ed5a9062374a15834fcdb047349a9-Bar.json,descargado
https://cifras.conicet.gov.ar/archivos-grafico/3b5239bbc0dbaba48e9df8d7113f77bb-Pie.json,conicet_json_completo/json/3b5239bbc0dbaba48e9df8d7113f77bb-Pie.json,descargado
https://cifras.conicet.gov.ar/archivos-grafico/3b5c88da19022b921d8a6166df2f2cf9.json,conicet_json_completo/json/3b5c88da19022b921d8a6166df2f2cf9.json,descargado
https://cifras.conicet.gov.ar/archivos-grafico/3bfe19c2dadcad077a8af68e498a66d1.json,conicet_json_completo/json/3bfe19c2dadcad077a8af68e498a66d1.json,descargado
https://cifras.conicet.gov.ar/archivos-grafico/3cd9dd6fe646ae679faf9827c65efc77.json,conicet_json_completo/json/3cd9dd6fe646ae679faf9827c65efc77.json,descargado
https://cifras.conicet.gov.ar/archivos-grafico/3ce43bdb38252ad12ec386594ad262fd-Mapa.json,conicet_json_completo/json/3ce43bdb38252ad12ec386594ad262fd-Mapa.json,descargado
https://cifras.conicet.gov.ar/archivos-grafico/3d83f88a5858fe43295fba3a992e7024-Mapa.json,conicet_json_completo/json/3d83f88a5858fe43295fba3a992e7024-Mapa.json,descargado
https://cifras.conicet.gov.ar/archivos-grafico/3e06bd4d5382fa429d6676e64ae8f20a.json,conicet_json_completo/json/3e06bd4d5382fa429d6676e64ae8f20a.json,descargado
https://cifras.conicet.gov.ar/archivos-grafico/3e76dad9cbc5eca6351956b241a85e60.json,conicet_json_completo/json/3e76dad9cbc5eca6351956b241a85e60.json,descargado
https://cifras.conicet.gov.ar/archivos-grafico/3ed3e497b75a706265a34df4ad75d25e.json,conicet_json_completo/json/3ed3e497b75a706265a34df4ad75d25e.json,descargado
https://cifras.conicet.gov.ar/archivos-grafico/3fbfb5ed16ef601a39d341f4da4a1878.json,conicet_json_completo/json/3fbfb5ed16ef601a39d341f4da4a1878.json,descargado
https://cifras.conicet.gov.ar/archivos-grafico/40452c3e1f217e61f553938cd50e1e7e-Pie.json,conicet_json_completo/json/40452c3e1f217e61f553938cd50e1e7e-Pie.json,descargado
https://cifras.conicet.gov.ar/archivos-grafico/40516c97b2d0f47f22c71a00c5226f29-Bar.json,conicet_json_completo/json/40516c97b2d0f47f22c71a00c5226f29-Bar.json,descargado
https://cifras.conicet.gov.ar/archivos-grafico/407f25a657a0caaacaca2db36104c3b7-Pie.json,conicet_json_completo/json/407f25a657a0caaacaca2db36104c3b7-Pie.json,descargado
https://cifras.conicet.gov.ar/archivos-grafico/41984d464539db94966fd184df6d8d22.json,conicet_json_completo/json/41984d464539db94966fd184df6d8d22.json,descargado
https://cifras.conicet.gov.ar/archivos-grafico/41e031919f87d1cad2a731113c6b559f-Pie.json,conicet_json_completo/json/41e031919f87d1cad2a731113c6b559f-Pie.json,descargado
https://cifras.conicet.gov.ar/archivos-grafico/42995882351b572b66855ec8afd54d73.json,conicet_json_completo/json/42995882351b572b66855ec8afd54d73.json,descargado
https://cifras.conicet.gov.ar/archivos-grafico/42aceb0498bcb7879a2a62175791d592-ColumnSimple.json,conicet_json_completo/json/42aceb0498bcb7879a2a62175791d592-ColumnSimple.json,descargado
https://cifras.conicet.gov.ar/archivos-grafico/439480e55ccbdecb13a2905796595eba.json,conicet_json_completo/json/439480e55ccbdecb13a2905796595eba.json,descargado
https://cifras.conicet.gov.ar/archivos-grafico/43b24e0e7dcf947c63b8956b2d8bbcfd-Mapa.json,conicet_json_completo/json/43b24e0e7dcf947c63b8956b2d8bbcfd-Mapa.json,descargado
https://cifras.conicet.gov.ar/archivos-grafico/43e297575215afdf7fd36e07becbf040-ColumnSimple.json,conicet_json_completo/json/43e297575215afdf7fd36e07becbf040-ColumnSimple.json,descargado
https://cifras.conicet.gov.ar/archivos-grafico/43f107bf57a716fdafb3044eb254a313-Pie.json,conicet_json_completo/json/43f107bf57a716fdafb3044eb254a313-Pie.json,descargado
https://cifras.conicet.gov.ar/archivos-grafico/4448298aab65e26258e95b5cab7ca2d3.json,conicet_json_completo/json/4448298aab65e26258e95b5cab7ca2d3.json,descargado
https://cifras.conicet.gov.ar/archivos-grafico/449a71f58a61694f172e2cb575bbbb5f-Mapa.json,conicet_json_completo/json/449a71f58a61694f172e2cb575bbbb5f-Mapa.json,descargado
https://cifras.conicet.gov.ar/archivos-grafico/4553f3205ebec25bf42e33419867f6db-Column.json,conicet_json_completo/json/4553f3205ebec25bf42e33419867f6db-Column.json,descargado
https://cifras.conicet.gov.ar/archivos-grafico/456c2d1be7b7bfca3376361ae2f6cb22.json,conicet_json_completo/json/456c2d1be7b7bfca3376361ae2f6cb22.json,descargado
https://cifras.conicet.gov.ar/archivos-grafico/45e76c2c44f241e0c5a49556817aa9c3.json,conicet_json_completo/json/45e76c2c44f241e0c5a49556817aa9c3.json,descargado
https://cifras.conicet.gov.ar/archivos-grafico/47291b58c28d15d149f57e7d7d951817-Bar.json,conicet_json_completo/json/47291b58c28d15d149f57e7d7d951817-Bar.json,descargado
https://cifras.conicet.gov.ar/archivos-grafico/476faa9dd4c3c3118bc0419a585fddaa.json,conicet_json_completo/json/476faa9dd4c3c3118bc0419a585fddaa.json,descargado
https://cifras.conicet.gov.ar/archivos-grafico/47799b525dd87a8c9830372deaa9c076.json,conicet_json_completo/json/47799b525dd87a8c9830372deaa9c076.json,descargado
https://cifras.conicet.gov.ar/archivos-grafico/480512a2d2b019d3bf0f08defcde4090-Mapa.json,conicet_json_completo/json/480512a2d2b019d3bf0f08defcde4090-Mapa.json,descargado
https://cifras.conicet.gov.ar/archivos-grafico/486676d5d5bcdf7d03757249abd8dfb2.json,conicet_json_completo/json/486676d5d5bcdf7d03757249abd8dfb2.json,descargado
https://cifras.conicet.gov.ar/archivos-grafico/4941bca6a92ba1a9f5519f74396364ea.json,conicet_json_completo/json/4941bca6a92ba1a9f5519f74396364ea.json,descargado
https://cifras.conicet.gov.ar/archivos-grafico/497a69bf8816bd19ac53e46f05b8dab2.json,conicet_json_completo/json/497a69bf8816bd19ac53e46f05b8dab2.json,descargado
https://cifras.conicet.gov.ar/archivos-grafico/49a115140d01b01fe5f52ab4463cbeae-Line.json,conicet_json_completo/json/49a115140d01b01fe5f52ab4463cbeae-Line.json,descargado
https://cifras.conicet.gov.ar/archivos-grafico/49b9c7e1cfa619b26f3a6063e1c68726-Pie.json,conicet_json_completo/json/49b9c7e1cfa619b26f3a6063e1c68726-Pie.json,descargado
https://cifras.conicet.gov.ar/archivos-grafico/4bc6923bca61b5bd28003d2664fa086e-Bar.json,conicet_json_completo/json/4bc6923bca61b5bd28003d2664fa086e-Bar.json,descargado
https://cifras.conicet.gov.ar/archivos-grafico/4cb43b01e1b166e57d93bff339278d1d.json,conicet_json_completo/json/4cb43b01e1b166e57d93bff339278d1d.json,descargado
https://cifras.conicet.gov.ar/archivos-grafico/4d6f78ef28493b3b75d91912bd5d444c.json,conicet_json_completo/json/4d6f78ef28493b3b75d91912bd5d444c.json,descargado
https://cifras.conicet.gov.ar/archivos-grafico/4ea21018fbf0e8e344230be711715088-Mapa.json,conicet_json_completo/json/4ea21018fbf0e8e344230be711715088-Mapa.json,descargado
https://cifras.conicet.gov.ar/archivos-grafico/4ee406189a985afc31fa35d1bc094dbd.json,conicet_json_completo/json/4ee406189a985afc31fa35d1bc094dbd.json,descargado
https://cifras.conicet.gov.ar/archivos-grafico/502a34aed26f8c00519c1356f15a048d.json,conicet_json_completo/json/502a34aed26f8c00519c1356f15a048d.json,descargado
https://cifras.conicet.gov.ar/archivos-grafico/50ac75705d35931fbdda1bf11094ed14-ZoomableCircle.json,conicet_json_completo/json/50ac75705d35931fbdda1bf11094ed14-ZoomableCircle.json,descargado
https://cifras.conicet.gov.ar/archivos-grafico/51e3ebe1592b36c2eb26511ba074348b.json,conicet_json_completo/json/51e3ebe1592b36c2eb26511ba074348b.json,descargado
https://cifras.conicet.gov.ar/archivos-grafico/51f1ad8dbd84eea71edb0cf791fa01d5.json,conicet_json_completo/json/51f1ad8dbd84eea71edb0cf791fa01d5.json,descargado
https://cifras.conicet.gov.ar/archivos-grafico/52699061984b2b20b951ba97f1d43957.json,conicet_json_completo/json/52699061984b2b20b951ba97f1d43957.json,descargado
https://cifras.conicet.gov.ar/archivos-grafico/52f8afbbb32f27e840f311cffe1eb3b0-Pie.json,conicet_json_completo/json/52f8afbbb32f27e840f311cffe1eb3b0-Pie.json,descargado
https://cifras.conicet.gov.ar/archivos-grafico/52fee16d132835f57f1d01d5077e6b85.json,conicet_json_completo/json/52fee16d132835f57f1d01d5077e6b85.json,descargado
https://cifras.conicet.gov.ar/archivos-grafico/56484a7e4999c96d0bf249cad4afc090.json,conicet_json_completo/json/56484a7e4999c96d0bf249cad4afc090.json,descargado
https://cifras.conicet.gov.ar/archivos-grafico/5787a183a2ce1d838f39cd9a186d228c-Pie.json,conicet_json_completo/json/5787a183a2ce1d838f39cd9a186d228c-Pie.json,descargado
https://cifras.conicet.gov.ar/archivos-grafico/58f3d4b530ec3e630a42783ebc438b91.json,conicet_json_completo/json/58f3d4b530ec3e630a42783ebc438b91.json,descargado
https://cifras.conicet.gov.ar/archivos-grafico/590f9cf6fc0e2e2bb373a276467bd477-Mapa.json,conicet_json_completo/json/590f9cf6fc0e2e2bb373a276467bd477-Mapa.json,descargado
https://cifras.conicet.gov.ar/archivos-grafico/591208db612ba59a41d7c76d3476860e.json,conicet_json_completo/json/591208db612ba59a41d7c76d3476860e.json,descargado
https://cifras.conicet.gov.ar/archivos-grafico/591fe18187df3057316b6941ff5c1947-Mapa.json,conicet_json_completo/json/591fe18187df3057316b6941ff5c1947-Mapa.json,descargado
https://cifras.conicet.gov.ar/archivos-grafico/5a43bd86bd68575c7ad4cc2adb35a778-ZoomableSunburst.json,conicet_json_completo/json/5a43bd86bd68575c7ad4cc2adb35a778-ZoomableSunburst.json,descargado
https://cifras.conicet.gov.ar/archivos-grafico/5a6fbb3efefe30b014315f06566ec071-Pie.json,conicet_json_completo/json/5a6fbb3efefe30b014315f06566ec071-Pie.json,descargado
https://cifras.conicet.gov.ar/archivos-grafico/5ad7120afacdfcc87248043faff19e3e.json,conicet_json_completo/json/5ad7120afacdfcc87248043faff19e3e.json,descargado
https://cifras.conicet.gov.ar/archivos-grafico/5b2f17bdce03fe22889c8b44671bd625-Mapa.json,conicet_json_completo/json/5b2f17bdce03fe22889c8b44671bd625-Mapa.json,descargado
https://cifras.conicet.gov.ar/archivos-grafico/5ca9459a21d8dda0a9f1106e13a48e69.json,conicet_json_completo/json/5ca9459a21d8dda0a9f1106e13a48e69.json,descargado
https://cifras.conicet.gov.ar/archivos-grafico/5cd60ce4691a1b109854562dc0d53118.json,conicet_json_completo/json/5cd60ce4691a1b109854562dc0d53118.json,descargado
https://cifras.conicet.gov.ar/archivos-grafico/5dd09f1fc4931cf1e4ee30f6d883d905-ZoomableSunburst.json,conicet_json_completo/json/5dd09f1fc4931cf1e4ee30f6d883d905-ZoomableSunburst.json,descargado
https://cifras.conicet.gov.ar/archivos-grafico/5e4719f7f229c91937042b7e765fe72d.json,conicet_json_completo/json/5e4719f7f229c91937042b7e765fe72d.json,descargado
https://cifras.conicet.gov.ar/archivos-grafico/5eec5010d06acbcb220b9212e075aee7.json,conicet_json_completo/json/5eec5010d06acbcb220b9212e075aee7.json,descargado
https://cifras.conicet.gov.ar/archivos-grafico/5f1ee445205597da7c3fdca6d59a59aa.json,conicet_json_completo/json/5f1ee445205597da7c3fdca6d59a59aa.json,descargado
https://cifras.conicet.gov.ar/archivos-grafico/616738bc1243989174cab41fbce96881-Bar.json,conicet_json_completo/json/616738bc1243989174cab41fbce96881-Bar.json,descargado
https://cifras.conicet.gov.ar/archivos-grafico/61eefb63b4ac1a9536e26f770fcfebf8.json,conicet_json_completo/json/61eefb63b4ac1a9536e26f770fcfebf8.json,descargado
https://cifras.conicet.gov.ar/archivos-grafico/622d2c10a8436e53f97e51f4d1d8a6f2.json,conicet_json_completo/json/622d2c10a8436e53f97e51f4d1d8a6f2.json,descargado
https://cifras.conicet.gov.ar/archivos-grafico/63117d9a94399d37b862ee114ed254e7.json,conicet_json_completo/json/63117d9a94399d37b862ee114ed254e7.json,descargado
https://cifras.conicet.gov.ar/archivos-grafico/63165eb60b424b605f0ea51b62bfae49-Pie.json,conicet_json_completo/json/63165eb60b424b605f0ea51b62bfae49-Pie.json,descargado
https://cifras.conicet.gov.ar/archivos-grafico/6422bba03fc9a664d34a42cf2f572907.json,conicet_json_completo/json/6422bba03fc9a664d34a42cf2f572907.json,descargado
https://cifras.conicet.gov.ar/archivos-grafico/64384cf461e36a5cc9e09389c4e55298-Pie.json,conicet_json_completo/json/64384cf461e36a5cc9e09389c4e55298-Pie.json,descargado
https://cifras.conicet.gov.ar/archivos-grafico/65964f8fe882c4f16518ebd960f75bb3.json,conicet_json_completo/json/65964f8fe882c4f16518ebd960f75bb3.json,descargado
https://cifras.conicet.gov.ar/archivos-grafico/65a83f5b96bc92b01bdf97c1214cc24d.json,conicet_json_completo/json/65a83f5b96bc92b01bdf97c1214cc24d.json,descargado
https://cifras.conicet.gov.ar/archivos-grafico/6646b4313446a60a9da6d237b98149b5.json,conicet_json_completo/json/6646b4313446a60a9da6d237b98149b5.json,descargado
https://cifras.conicet.gov.ar/archivos-grafico/66f6fc95acd020252b820af563e68bfe-Mapa.json,conicet_json_completo/json/66f6fc95acd020252b820af563e68bfe-Mapa.json,descargado
https://cifras.conicet.gov.ar/archivos-grafico/66fd995572106c1de55e291b2e5c1ea3.json,conicet_json_completo/json/66fd995572106c1de55e291b2e5c1ea3.json,descargado
https://cifras.conicet.gov.ar/archivos-grafico/67ae81ef6d7e8ad192fc16bafbaa6200-Mapa.json,conicet_json_completo/json/67ae81ef6d7e8ad192fc16bafbaa6200-Mapa.json,descargado
https://cifras.conicet.gov.ar/archivos-grafico/67c07de913aafdf059f5948acf5a115d.json,conicet_json_completo/json/67c07de913aafdf059f5948acf5a115d.json,descargado
https://cifras.conicet.gov.ar/archivos-grafico/681e20933ce58c6162e2877d455dd154.json,conicet_json_completo/json/681e20933ce58c6162e2877d455dd154.json,descargado
https://cifras.conicet.gov.ar/archivos-grafico/69f7e65b00d115522ec03a9bba52e3c6.json,conicet_json_completo/json/69f7e65b00d115522ec03a9bba52e3c6.json,descargado
https://cifras.conicet.gov.ar/archivos-grafico/6b21e1fe33f5f5e64c1791a8d8eb373e-ZoomableCircle.json,conicet_json_completo/json/6b21e1fe33f5f5e64c1791a8d8eb373e-ZoomableCircle.json,descargado
https://cifras.conicet.gov.ar/archivos-grafico/6b6c51f16aae36b2012a3fc9f21ee95a-Mapa.json,conicet_json_completo/json/6b6c51f16aae36b2012a3fc9f21ee95a-Mapa.json,descargado
https://cifras.conicet.gov.ar/archivos-grafico/6d1cb52dda51af2d6456443f5a8f361e.json,conicet_json_completo/json/6d1cb52dda51af2d6456443f5a8f361e.json,descargado
https://cifras.conicet.gov.ar/archivos-grafico/6d386e70a5e286072ada82ea9ecf520b.json,conicet_json_completo/json/6d386e70a5e286072ada82ea9ecf520b.json,descargado
https://cifras.conicet.gov.ar/archivos-grafico/6e1cf4998b5e24588229283af6e7622c.json,conicet_json_completo/json/6e1cf4998b5e24588229283af6e7622c.json,descargado
https://cifras.conicet.gov.ar/archivos-grafico/6e25c99a5016b564ec22a8c074351e00-Pie.json,conicet_json_completo/json/6e25c99a5016b564ec22a8c074351e00-Pie.json,descargado
https://cifras.conicet.gov.ar/archivos-grafico/6f160acde839d32de46e560bc20c2e14-Pie.json,conicet_json_completo/json/6f160acde839d32de46e560bc20c2e14-Pie.json,descargado
https://cifras.conicet.gov.ar/archivos-grafico/6f17dd3221f5d332a769a9a32875269e.json,conicet_json_completo/json/6f17dd3221f5d332a769a9a32875269e.json,descargado
https://cifras.conicet.gov.ar/archivos-grafico/6f67a7747690186ef4d0e00b677a917d.json,conicet_json_completo/json/6f67a7747690186ef4d0e00b677a917d.json,descargado
https://cifras.conicet.gov.ar/archivos-grafico/6f7684bbd6aaee86978a715e24007935-Mapa.json,conicet_json_completo/json/6f7684bbd6aaee86978a715e24007935-Mapa.json,descargado
https://cifras.conicet.gov.ar/archivos-grafico/6fd2c9a59a30b152995ee2eebeef8588.json,conicet_json_completo/json/6fd2c9a59a30b152995ee2eebeef8588.json,descargado
https://cifras.conicet.gov.ar/archivos-grafico/712c334b01a27d1797659d14616d53b3.json,conicet_json_completo/json/712c334b01a27d1797659d14616d53b3.json,descargado
https://cifras.conicet.gov.ar/archivos-grafico/71bc8caab40866b96bdd3d58fb1894d9-Pie.json,conicet_json_completo/json/71bc8caab40866b96bdd3d58fb1894d9-Pie.json,descargado
https://cifras.conicet.gov.ar/archivos-grafico/723b497d39a3f48257d9f1f096583d21-Bar.json,conicet_json_completo/json/723b497d39a3f48257d9f1f096583d21-Bar.json,descargado
https://cifras.conicet.gov.ar/archivos-grafico/7255898c9118d3ab38eddae64cf60219.json,conicet_json_completo/json/7255898c9118d3ab38eddae64cf60219.json,descargado
https://cifras.conicet.gov.ar/archivos-grafico/72e0ec31229ff0959fe3424703e10aa3.json,conicet_json_completo/json/72e0ec31229ff0959fe3424703e10aa3.json,descargado
https://cifras.conicet.gov.ar/archivos-grafico/733b215471d728eaacd49b61639421a4-ColumnSimple.json,conicet_json_completo/json/733b215471d728eaacd49b61639421a4-ColumnSimple.json,descargado
https://cifras.conicet.gov.ar/archivos-grafico/7367683bdf197812438892288dd0dd87.json,conicet_json_completo/json/7367683bdf197812438892288dd0dd87.json,descargado
https://cifras.conicet.gov.ar/archivos-grafico/737b1cc85c250004382ba7ce18bb7e71-Bar.json,conicet_json_completo/json/737b1cc85c250004382ba7ce18bb7e71-Bar.json,descargado
https://cifras.conicet.gov.ar/archivos-grafico/73a51d9c81baa6da51fe9039d7a0cf30-Mapa.json,conicet_json_completo/json/73a51d9c81baa6da51fe9039d7a0cf30-Mapa.json,descargado
https://cifras.conicet.gov.ar/archivos-grafico/73eedcf4989a10382a2ff3a378ceff01-ColumnSimple.json,conicet_json_completo/json/73eedcf4989a10382a2ff3a378ceff01-ColumnSimple.json,descargado
https://cifras.conicet.gov.ar/archivos-grafico/740d830a19106caa9fe942057681516b.json,conicet_json_completo/json/740d830a19106caa9fe942057681516b.json,descargado
https://cifras.conicet.gov.ar/archivos-grafico/75459105bbe862e884dc3fe9fd2fcd01.json,conicet_json_completo/json/75459105bbe862e884dc3fe9fd2fcd01.json,descargado
https://cifras.conicet.gov.ar/archivos-grafico/7609925f9ae89aba782caec140771181-ZoomableCircle.json,conicet_json_completo/json/7609925f9ae89aba782caec140771181-ZoomableCircle.json,descargado
https://cifras.conicet.gov.ar/archivos-grafico/765fd1d53843d2c0c08328f6b4ef65c7.json,conicet_json_completo/json/765fd1d53843d2c0c08328f6b4ef65c7.json,descargado
https://cifras.conicet.gov.ar/archivos-grafico/771bff8e42aa4e73dca6fb7a8cd0105e.json,conicet_json_completo/json/771bff8e42aa4e73dca6fb7a8cd0105e.json,descargado
https://cifras.conicet.gov.ar/archivos-grafico/77f8a8066ee3c12d249a59b905c4ca7e-Pie.json,conicet_json_completo/json/77f8a8066ee3c12d249a59b905c4ca7e-Pie.json,descargado
https://cifras.conicet.gov.ar/archivos-grafico/78ab7714ac3a99cdf7ea6afc5538ffd0-Pie.json,conicet_json_completo/json/78ab7714ac3a99cdf7ea6afc5538ffd0-Pie.json,descargado
https://cifras.conicet.gov.ar/archivos-grafico/78b083908b678afaf01c407de9f2c1c3-Mapa.json,conicet_json_completo/json/78b083908b678afaf01c407de9f2c1c3-Mapa.json,descargado
https://cifras.conicet.gov.ar/archivos-grafico/78fff39e68c9dfa1ca1e1603c187b00a-Mapa.json,conicet_json_completo/json/78fff39e68c9dfa1ca1e1603c187b00a-Mapa.json,descargado
https://cifras.conicet.gov.ar/archivos-grafico/7a89c43e9d9cf697a9f51769e060c241-Pie.json,conicet_json_completo/json/7a89c43e9d9cf697a9f51769e060c241-Pie.json,descargado
https://cifras.conicet.gov.ar/archivos-grafico/7b507c1b75c712404b5d29d855877363-Mapa.json,conicet_json_completo/json/7b507c1b75c712404b5d29d855877363-Mapa.json,descargado
https://cifras.conicet.gov.ar/archivos-grafico/7b9018056c770eb6fe8fa458cdb4fe50-Pie.json,conicet_json_completo/json/7b9018056c770eb6fe8fa458cdb4fe50-Pie.json,descargado
https://cifras.conicet.gov.ar/archivos-grafico/7b95ad38780db11309332ecbb190b2b2-Pie.json,conicet_json_completo/json/7b95ad38780db11309332ecbb190b2b2-Pie.json,descargado
https://cifras.conicet.gov.ar/archivos-grafico/7cc4e872fd639bec807ecddfc7486fdd.json,conicet_json_completo/json/7cc4e872fd639bec807ecddfc7486fdd.json,descargado
https://cifras.conicet.gov.ar/archivos-grafico/7d51343fad2f48d774c73ec18b2faa16-Line.json,conicet_json_completo/json/7d51343fad2f48d774c73ec18b2faa16-Line.json,descargado
https://cifras.conicet.gov.ar/archivos-grafico/7db3115813dd06911e158a6cc420a807-Mapa.json,conicet_json_completo/json/7db3115813dd06911e158a6cc420a807-Mapa.json,descargado
https://cifras.conicet.gov.ar/archivos-grafico/7dbff6a5e032fe92f89e989d2f162e3b-ZoomableSunburst.json,conicet_json_completo/json/7dbff6a5e032fe92f89e989d2f162e3b-ZoomableSunburst.json,descargado
https://cifras.conicet.gov.ar/archivos-grafico/7ede0fee0422bc0d532f3cb570eb85ef.json,conicet_json_completo/json/7ede0fee0422bc0d532f3cb570eb85ef.json,descargado
https://cifras.conicet.gov.ar/archivos-grafico/7eebcc619443af7c24328b468f801872-Mapa.json,conicet_json_completo/json/7eebcc619443af7c24328b468f801872-Mapa.json,descargado
https://cifras.conicet.gov.ar/archivos-grafico/7f343c3ece60ca2e5414bd63ce19ef07-Pie.json,conicet_json_completo/json/7f343c3ece60ca2e5414bd63ce19ef07-Pie.json,descargado
https://cifras.conicet.gov.ar/archivos-grafico/7f537d42f498048dd04c48b0582af94b-Mapa.json,conicet_json_completo/json/7f537d42f498048dd04c48b0582af94b-Mapa.json,descargado
https://cifras.conicet.gov.ar/archivos-grafico/7f9c0843ff278b60c0601e9230bda4ee.json,conicet_json_completo/json/7f9c0843ff278b60c0601e9230bda4ee.json,descargado
https://cifras.conicet.gov.ar/archivos-grafico/804620330edfdeb582a75bfc6d3ee979.json,conicet_json_completo/json/804620330edfdeb582a75bfc6d3ee979.json,descargado
https://cifras.conicet.gov.ar/archivos-grafico/80da5657fe021fcef1e8b233d87ed518.json,conicet_json_completo/json/80da5657fe021fcef1e8b233d87ed518.json,descargado
https://cifras.conicet.gov.ar/archivos-grafico/80f977387b524d08009d5b18595ca13d.json,conicet_json_completo/json/80f977387b524d08009d5b18595ca13d.json,descargado
https://cifras.conicet.gov.ar/archivos-grafico/81cfbc34588e3f540423501152f67a6f-Pie.json,conicet_json_completo/json/81cfbc34588e3f540423501152f67a6f-Pie.json,descargado
https://cifras.conicet.gov.ar/archivos-grafico/822a92f2eb25213843d5bf5d7cb67bf6.json,conicet_json_completo/json/822a92f2eb25213843d5bf5d7cb67bf6.json,descargado
https://cifras.conicet.gov.ar/archivos-grafico/8295569918ce8ef76384324f90bc1c70.json,conicet_json_completo/json/8295569918ce8ef76384324f90bc1c70.json,descargado
https://cifras.conicet.gov.ar/archivos-grafico/848accd7499af96dcf37d42b4081b12c.json,conicet_json_completo/json/848accd7499af96dcf37d42b4081b12c.json,descargado
https://cifras.conicet.gov.ar/archivos-grafico/85e8801ece02549fd71e884fd74d9dfd.json,conicet_json_completo/json/85e8801ece02549fd71e884fd74d9dfd.json,descargado
https://cifras.conicet.gov.ar/archivos-grafico/85e9568f21cd9fea9bd99ff4f9a3061c.json,conicet_json_completo/json/85e9568f21cd9fea9bd99ff4f9a3061c.json,descargado
https://cifras.conicet.gov.ar/archivos-grafico/86e68f4d467d3ae1e636e320c17ea09a.json,conicet_json_completo/json/86e68f4d467d3ae1e636e320c17ea09a.json,descargado
https://cifras.conicet.gov.ar/archivos-grafico/8876cc41e0b84eeb8930b000018d24cf.json,conicet_json_completo/json/8876cc41e0b84eeb8930b000018d24cf.json,descargado
https://cifras.conicet.gov.ar/archivos-grafico/89c790f3438aeecf9425fbdcfed2be06.json,conicet_json_completo/json/89c790f3438aeecf9425fbdcfed2be06.json,descargado
https://cifras.conicet.gov.ar/archivos-grafico/8a7ee76f1ad9ad96629f8f39fa58407f.json,conicet_json_completo/json/8a7ee76f1ad9ad96629f8f39fa58407f.json,descargado
https://cifras.conicet.gov.ar/archivos-grafico/8aaf0d5825e3e0e347d0773d5e46cff6.json,conicet_json_completo/json/8aaf0d5825e3e0e347d0773d5e46cff6.json,descargado
https://cifras.conicet.gov.ar/archivos-grafico/8b5a171b173fca3d18124e0b6635003b.json,conicet_json_completo/json/8b5a171b173fca3d18124e0b6635003b.json,descargado
https://cifras.conicet.gov.ar/archivos-grafico/8b9980b3859557d007d1ffaee4ebdcb3-Mapa.json,conicet_json_completo/json/8b9980b3859557d007d1ffaee4ebdcb3-Mapa.json,descargado
https://cifras.conicet.gov.ar/archivos-grafico/8c4d9417953f8ecb899887b4e3ece5c8.json,conicet_json_completo/json/8c4d9417953f8ecb899887b4e3ece5c8.json,descargado
https://cifras.conicet.gov.ar/archivos-grafico/8cf93f45b923032194afaa2929caa0c2-Pie.json,conicet_json_completo/json/8cf93f45b923032194afaa2929caa0c2-Pie.json,descargado
https://cifras.conicet.gov.ar/archivos-grafico/8d10a75f41ec5b9bd385564b11489e71-Mapa.json,conicet_json_completo/json/8d10a75f41ec5b9bd385564b11489e71-Mapa.json,descargado
https://cifras.conicet.gov.ar/archivos-grafico/8d2979ea3bd79418c358bb1587badc45-Mapa.json,conicet_json_completo/json/8d2979ea3bd79418c358bb1587badc45-Mapa.json,descargado
https://cifras.conicet.gov.ar/archivos-grafico/8d2f8166addf6d60af7ef734270007fb-Pie.json,conicet_json_completo/json/8d2f8166addf6d60af7ef734270007fb-Pie.json,descargado
https://cifras.conicet.gov.ar/archivos-grafico/8da8b75ba1eeec1ab8a57d8b68ddab8f.json,conicet_json_completo/json/8da8b75ba1eeec1ab8a57d8b68ddab8f.json,descargado
https://cifras.conicet.gov.ar/archivos-grafico/8e3232bf715fc1a7c8b834d560c30d4e.json,conicet_json_completo/json/8e3232bf715fc1a7c8b834d560c30d4e.json,descargado
https://cifras.conicet.gov.ar/archivos-grafico/8e3929f276b280b08099bd80e2da8306-ColumnSimple.json,conicet_json_completo/json/8e3929f276b280b08099bd80e2da8306-ColumnSimple.json,descargado
https://cifras.conicet.gov.ar/archivos-grafico/8e443ff9b174e10235d78df8c2d7dc22-Pie.json,conicet_json_completo/json/8e443ff9b174e10235d78df8c2d7dc22-Pie.json,descargado
https://cifras.conicet.gov.ar/archivos-grafico/8e9961d9655a991f74c6efca14f1be02.json,conicet_json_completo/json/8e9961d9655a991f74c6efca14f1be02.json,descargado
https://cifras.conicet.gov.ar/archivos-grafico/8f1e1af73387b5d5157a29e965896079-ColumnSimple.json,conicet_json_completo/json/8f1e1af73387b5d5157a29e965896079-ColumnSimple.json,descargado
https://cifras.conicet.gov.ar/archivos-grafico/8f43d13afd19a94286733d7e04952e9f-Bar.json,conicet_json_completo/json/8f43d13afd19a94286733d7e04952e9f-Bar.json,descargado
https://cifras.conicet.gov.ar/archivos-grafico/903b9552bb9df7d5df78e8dbc0767f95.json,conicet_json_completo/json/903b9552bb9df7d5df78e8dbc0767f95.json,descargado
https://cifras.conicet.gov.ar/archivos-grafico/9053d3839a8a6f05922914a1c0514455.json,conicet_json_completo/json/9053d3839a8a6f05922914a1c0514455.json,descargado
https://cifras.conicet.gov.ar/archivos-grafico/91dc67a2981eb363cc909c8af2eba723.json,conicet_json_completo/json/91dc67a2981eb363cc909c8af2eba723.json,descargado
https://cifras.conicet.gov.ar/archivos-grafico/926e286a96a0f7b2b460db434c8d48a7-Pie.json,conicet_json_completo/json/926e286a96a0f7b2b460db434c8d48a7-Pie.json,descargado
https://cifras.conicet.gov.ar/archivos-grafico/939551798f98bc432b02a3c1331f7efe-Pie.json,conicet_json_completo/json/939551798f98bc432b02a3c1331f7efe-Pie.json,descargado
https://cifras.conicet.gov.ar/archivos-grafico/93b36eb44270492cd22361d164628ea2-Bar.json,conicet_json_completo/json/93b36eb44270492cd22361d164628ea2-Bar.json,descargado
https://cifras.conicet.gov.ar/archivos-grafico/94b5eff1d1627ddb131177c39fb43a5b-Bar.json,conicet_json_completo/json/94b5eff1d1627ddb131177c39fb43a5b-Bar.json,descargado
https://cifras.conicet.gov.ar/archivos-grafico/9575d79bcbd8d748b6bf4848635649a9.json,conicet_json_completo/json/9575d79bcbd8d748b6bf4848635649a9.json,descargado
https://cifras.conicet.gov.ar/archivos-grafico/97d31bec27c3514197a1136ee9797c0e.json,conicet_json_completo/json/97d31bec27c3514197a1136ee9797c0e.json,descargado
https://cifras.conicet.gov.ar/archivos-grafico/98a2e9988fa6592f43419694d4154c11-Bar.json,conicet_json_completo/json/98a2e9988fa6592f43419694d4154c11-Bar.json,descargado
https://cifras.conicet.gov.ar/archivos-grafico/98d240d43301a2e3a54ee2102585b1c7.json,conicet_json_completo/json/98d240d43301a2e3a54ee2102585b1c7.json,descargado
https://cifras.conicet.gov.ar/archivos-grafico/994f82fb46a6d1b6af152dda4395df2b-Mapa.json,conicet_json_completo/json/994f82fb46a6d1b6af152dda4395df2b-Mapa.json,descargado
https://cifras.conicet.gov.ar/archivos-grafico/99711dab839806bcb34b52b836ecea2b.json,conicet_json_completo/json/99711dab839806bcb34b52b836ecea2b.json,descargado
https://cifras.conicet.gov.ar/archivos-grafico/99af9e2ab533e707458eb79adf31977b-Mapa.json,conicet_json_completo/json/99af9e2ab533e707458eb79adf31977b-Mapa.json,descargado
https://cifras.conicet.gov.ar/archivos-grafico/9b8796d979ff9906f2258f6513d8c441.json,conicet_json_completo/json/9b8796d979ff9906f2258f6513d8c441.json,descargado
https://cifras.conicet.gov.ar/archivos-grafico/9d5fc1f076802c90420275ff0aaf0f97-Pie.json,conicet_json_completo/json/9d5fc1f076802c90420275ff0aaf0f97-Pie.json,descargado
https://cifras.conicet.gov.ar/archivos-grafico/9db10a97cb2252c0713760fc5f8d50c1-Pie.json,conicet_json_completo/json/9db10a97cb2252c0713760fc5f8d50c1-Pie.json,descargado
https://cifras.conicet.gov.ar/archivos-grafico/9e447ab210b5f3080ca108cc04d676f8.json,conicet_json_completo/json/9e447ab210b5f3080ca108cc04d676f8.json,descargado
https://cifras.conicet.gov.ar/archivos-grafico/9f085037e1a0538a7bc33becbf4710e2.json,conicet_json_completo/json/9f085037e1a0538a7bc33becbf4710e2.json,descargado
https://cifras.conicet.gov.ar/archivos-grafico/a009e6b1500c1db8424d7b5a6530b9f2-Bar.json,conicet_json_completo/json/a009e6b1500c1db8424d7b5a6530b9f2-Bar.json,descargado
https://cifras.conicet.gov.ar/archivos-grafico/a1154b7df567ac6bf028eeb6026ac038-Mapa.json,conicet_json_completo/json/a1154b7df567ac6bf028eeb6026ac038-Mapa.json,descargado
https://cifras.conicet.gov.ar/archivos-grafico/a11ae769849b75cc9df4608f7d1697b0-Mapa.json,conicet_json_completo/json/a11ae769849b75cc9df4608f7d1697b0-Mapa.json,descargado
https://cifras.conicet.gov.ar/archivos-grafico/a2a19e7b9b2d19a7731f7d4738e57964.json,conicet_json_completo/json/a2a19e7b9b2d19a7731f7d4738e57964.json,descargado
https://cifras.conicet.gov.ar/archivos-grafico/a2a838ecdf58e808b9d97c94b0e5947a-Pie.json,conicet_json_completo/json/a2a838ecdf58e808b9d97c94b0e5947a-Pie.json,descargado
https://cifras.conicet.gov.ar/archivos-grafico/a2b65a13f6c6734e25d2d323c07206d8.json,conicet_json_completo/json/a2b65a13f6c6734e25d2d323c07206d8.json,descargado
https://cifras.conicet.gov.ar/archivos-grafico/a3c6aaaf310dab55fdb3755e5af03fb3.json,conicet_json_completo/json/a3c6aaaf310dab55fdb3755e5af03fb3.json,descargado
https://cifras.conicet.gov.ar/archivos-grafico/a4ab945d530cf0435fabc401ba7c7aeb-Mapa.json,conicet_json_completo/json/a4ab945d530cf0435fabc401ba7c7aeb-Mapa.json,descargado
https://cifras.conicet.gov.ar/archivos-grafico/a51de0f212a51313d222adb251df8e08-ZoomableCircle.json,conicet_json_completo/json/a51de0f212a51313d222adb251df8e08-ZoomableCircle.json,descargado
https://cifras.conicet.gov.ar/archivos-grafico/a52827b638ae6e65e44b4f0fc28f48ec-Pie.json,conicet_json_completo/json/a52827b638ae6e65e44b4f0fc28f48ec-Pie.json,descargado
https://cifras.conicet.gov.ar/archivos-grafico/a5388b6e7eeb8ee4a5cd10de390264fc-Line.json,conicet_json_completo/json/a5388b6e7eeb8ee4a5cd10de390264fc-Line.json,descargado
https://cifras.conicet.gov.ar/archivos-grafico/a5ecd1acf72fb41156bb11bb83768a92-Mapa.json,conicet_json_completo/json/a5ecd1acf72fb41156bb11bb83768a92-Mapa.json,descargado
https://cifras.conicet.gov.ar/archivos-grafico/a75202fa5f920c092a5f5f027b01b562.json,conicet_json_completo/json/a75202fa5f920c092a5f5f027b01b562.json,descargado
https://cifras.conicet.gov.ar/archivos-grafico/a777c2d8fffc84827bbfefaef60030bd-Bar.json,conicet_json_completo/json/a777c2d8fffc84827bbfefaef60030bd-Bar.json,descargado
https://cifras.conicet.gov.ar/archivos-grafico/a8c242f4398c298d98f3c737128307b2.json,conicet_json_completo/json/a8c242f4398c298d98f3c737128307b2.json,descargado
https://cifras.conicet.gov.ar/archivos-grafico/a9cc9b06cc6fdf0bb7613c7215cf1fe1.json,conicet_json_completo/json/a9cc9b06cc6fdf0bb7613c7215cf1fe1.json,descargado
https://cifras.conicet.gov.ar/archivos-grafico/a9ea2c2fabcd12188354d6d99c23ea9a-Mapa.json,conicet_json_completo/json/a9ea2c2fabcd12188354d6d99c23ea9a-Mapa.json,descargado
https://cifras.conicet.gov.ar/archivos-grafico/aaa26905b7cb94c8bdb2f8590938a652-Mapa.json,conicet_json_completo/json/aaa26905b7cb94c8bdb2f8590938a652-Mapa.json,descargado
https://cifras.conicet.gov.ar/archivos-grafico/ac2f0707a9ac62b7c02ee7010fdeeb7b.json,conicet_json_completo/json/ac2f0707a9ac62b7c02ee7010fdeeb7b.json,descargado
https://cifras.conicet.gov.ar/archivos-grafico/ac2f71aa8c6d47d6d2a7c38288e1ea43.json,conicet_json_completo/json/ac2f71aa8c6d47d6d2a7c38288e1ea43.json,descargado
https://cifras.conicet.gov.ar/archivos-grafico/ac91deb10f762a7e947d6b0623ffdac6-Pie.json,conicet_json_completo/json/ac91deb10f762a7e947d6b0623ffdac6-Pie.json,descargado
https://cifras.conicet.gov.ar/archivos-grafico/ac933c20eacd560a465278fab9ee20e1-Mapa.json,conicet_json_completo/json/ac933c20eacd560a465278fab9ee20e1-Mapa.json,descargado
https://cifras.conicet.gov.ar/archivos-grafico/ae2e776542f969e83e6df6c4a307a4a1-Mapa.json,conicet_json_completo/json/ae2e776542f969e83e6df6c4a307a4a1-Mapa.json,descargado
https://cifras.conicet.gov.ar/archivos-grafico/aee1e79f6b5c9c22348f850803ba329c.json,conicet_json_completo/json/aee1e79f6b5c9c22348f850803ba329c.json,descargado
https://cifras.conicet.gov.ar/archivos-grafico/af0bc8af8f42f9417da1ea47c37b1f8c.json,conicet_json_completo/json/af0bc8af8f42f9417da1ea47c37b1f8c.json,descargado
https://cifras.conicet.gov.ar/archivos-grafico/afd6273507e4f02aad1fd6a101d0c6bd.json,conicet_json_completo/json/afd6273507e4f02aad1fd6a101d0c6bd.json,descargado
https://cifras.conicet.gov.ar/archivos-grafico/b0de79bfa11c4e5006f4b01ed132dabc-Pie.json,conicet_json_completo/json/b0de79bfa11c4e5006f4b01ed132dabc-Pie.json,descargado
https://cifras.conicet.gov.ar/archivos-grafico/b150c42776f16605ce85c7ce2268c090.json,conicet_json_completo/json/b150c42776f16605ce85c7ce2268c090.json,descargado
https://cifras.conicet.gov.ar/archivos-grafico/b1e42527586b5c9d27ef4f4e878220b0.json,conicet_json_completo/json/b1e42527586b5c9d27ef4f4e878220b0.json,descargado
https://cifras.conicet.gov.ar/archivos-grafico/b1f6e4ea5c34300a3f50f91bc881dd62.json,conicet_json_completo/json/b1f6e4ea5c34300a3f50f91bc881dd62.json,descargado
https://cifras.conicet.gov.ar/archivos-grafico/b263274655bf98cc2675c925f6e4d14c.json,conicet_json_completo/json/b263274655bf98cc2675c925f6e4d14c.json,descargado
https://cifras.conicet.gov.ar/archivos-grafico/b3840e7ee8ec70551723f27b1b499fb3-Mapa.json,conicet_json_completo/json/b3840e7ee8ec70551723f27b1b499fb3-Mapa.json,descargado
https://cifras.conicet.gov.ar/archivos-grafico/b49709dba7ad991eb124596cd2ae7045.json,conicet_json_completo/json/b49709dba7ad991eb124596cd2ae7045.json,descargado
https://cifras.conicet.gov.ar/archivos-grafico/b50ceba1097b73abb4cb24697f14c6dd-ZoomableSunburst.json,conicet_json_completo/json/b50ceba1097b73abb4cb24697f14c6dd-ZoomableSunburst.json,descargado
https://cifras.conicet.gov.ar/archivos-grafico/b627c0281af0594b896ba54e5be57bbb-Mapa.json,conicet_json_completo/json/b627c0281af0594b896ba54e5be57bbb-Mapa.json,descargado
https://cifras.conicet.gov.ar/archivos-grafico/b7cf5c7c830796cdc0162170bc5f7c96-Bar.json,conicet_json_completo/json/b7cf5c7c830796cdc0162170bc5f7c96-Bar.json,descargado
https://cifras.conicet.gov.ar/archivos-grafico/b7e6c1bae2745b3fe7425ee255b1d8a8.json,conicet_json_completo/json/b7e6c1bae2745b3fe7425ee255b1d8a8.json,descargado
https://cifras.conicet.gov.ar/archivos-grafico/b807c6ad7936f4e1c6804530a39393a9.json,conicet_json_completo/json/b807c6ad7936f4e1c6804530a39393a9.json,descargado
https://cifras.conicet.gov.ar/archivos-grafico/b922c94090d6379a3277d94aa2974a2c-Mapa.json,conicet_json_completo/json/b922c94090d6379a3277d94aa2974a2c-Mapa.json,descargado
https://cifras.conicet.gov.ar/archivos-grafico/b9b63aa4e930558995bc9881e99a91c3.json,conicet_json_completo/json/b9b63aa4e930558995bc9881e99a91c3.json,descargado
https://cifras.conicet.gov.ar/archivos-grafico/ba05de30af92a698de2a537eeb845c5a-Bar.json,conicet_json_completo/json/ba05de30af92a698de2a537eeb845c5a-Bar.json,descargado
https://cifras.conicet.gov.ar/archivos-grafico/ba3ed4ec04d11550d960d58821be6eda-Mapa.json,conicet_json_completo/json/ba3ed4ec04d11550d960d58821be6eda-Mapa.json,descargado
https://cifras.conicet.gov.ar/archivos-grafico/bdb9d2e2b339723ff58525b072f9a28a-ColumnSimple.json,conicet_json_completo/json/bdb9d2e2b339723ff58525b072f9a28a-ColumnSimple.json,descargado
https://cifras.conicet.gov.ar/archivos-grafico/bdd5c3b1b2b86ff14058ded843096194-Pie.json,conicet_json_completo/json/bdd5c3b1b2b86ff14058ded843096194-Pie.json,descargado
https://cifras.conicet.gov.ar/archivos-grafico/be94b3ab174dee09cfc8a6b0c7b5430c.json,conicet_json_completo/json/be94b3ab174dee09cfc8a6b0c7b5430c.json,descargado
https://cifras.conicet.gov.ar/archivos-grafico/c00fef616d369686e7196d8371268b16-Mapa.json,conicet_json_completo/json/c00fef616d369686e7196d8371268b16-Mapa.json,descargado
https://cifras.conicet.gov.ar/archivos-grafico/c09cae67f78cb84ed10618809d08384c.json,conicet_json_completo/json/c09cae67f78cb84ed10618809d08384c.json,descargado
https://cifras.conicet.gov.ar/archivos-grafico/c1ad5eaebf6347a7fa173108a570dec5-Pie.json,conicet_json_completo/json/c1ad5eaebf6347a7fa173108a570dec5-Pie.json,descargado
https://cifras.conicet.gov.ar/archivos-grafico/c1b357f719513935573d8f18a1a3df24-Mapa.json,conicet_json_completo/json/c1b357f719513935573d8f18a1a3df24-Mapa.json,descargado
https://cifras.conicet.gov.ar/archivos-grafico/c382be04c578137cc049edf6db0510dd-Mapa.json,conicet_json_completo/json/c382be04c578137cc049edf6db0510dd-Mapa.json,descargado
https://cifras.conicet.gov.ar/archivos-grafico/c4c05c2252ef3e66eb4602e80214c5a6-Pie.json,conicet_json_completo/json/c4c05c2252ef3e66eb4602e80214c5a6-Pie.json,descargado
https://cifras.conicet.gov.ar/archivos-grafico/c592e3dc74891686c049f48601eb13b3-Mapa.json,conicet_json_completo/json/c592e3dc74891686c049f48601eb13b3-Mapa.json,descargado
https://cifras.conicet.gov.ar/archivos-grafico/c59b55746a45e6d1bc318c27645a064a-Mapa.json,conicet_json_completo/json/c59b55746a45e6d1bc318c27645a064a-Mapa.json,descargado
https://cifras.conicet.gov.ar/archivos-grafico/c5ae6e66d9b43a23b6ccb98c2d120efc-Pie.json,conicet_json_completo/json/c5ae6e66d9b43a23b6ccb98c2d120efc-Pie.json,descargado
https://cifras.conicet.gov.ar/archivos-grafico/c71180773bc911cb303f1fe7d384a046.json,conicet_json_completo/json/c71180773bc911cb303f1fe7d384a046.json,descargado
https://cifras.conicet.gov.ar/archivos-grafico/c757d35ed4c555378b0d0dd116665c67.json,conicet_json_completo/json/c757d35ed4c555378b0d0dd116665c67.json,descargado
https://cifras.conicet.gov.ar/archivos-grafico/c7a39b5d2eeeea294d8ac7c80a60c6b1.json,conicet_json_completo/json/c7a39b5d2eeeea294d8ac7c80a60c6b1.json,descargado
https://cifras.conicet.gov.ar/archivos-grafico/c8214b706a98e4a13e1b4a13e74d7ae7-Pie.json,conicet_json_completo/json/c8214b706a98e4a13e1b4a13e74d7ae7-Pie.json,descargado
https://cifras.conicet.gov.ar/archivos-grafico/c89e688962661b23bb972455d37ee0e7-Mapa.json,conicet_json_completo/json/c89e688962661b23bb972455d37ee0e7-Mapa.json,descargado
https://cifras.conicet.gov.ar/archivos-grafico/c8f476fe6248b50840729933b60b144d.json,conicet_json_completo/json/c8f476fe6248b50840729933b60b144d.json,descargado
https://cifras.conicet.gov.ar/archivos-grafico/c9ca4c6e22449ff2107d5f2b7ecf3aff.json,conicet_json_completo/json/c9ca4c6e22449ff2107d5f2b7ecf3aff.json,descargado
https://cifras.conicet.gov.ar/archivos-grafico/c9db6594179dbeef87dc2c1a73017fa2.json,conicet_json_completo/json/c9db6594179dbeef87dc2c1a73017fa2.json,descargado
https://cifras.conicet.gov.ar/archivos-grafico/c9eba581da954d056e401994adb48663-Pie.json,conicet_json_completo/json/c9eba581da954d056e401994adb48663-Pie.json,descargado
https://cifras.conicet.gov.ar/archivos-grafico/ca6d1d9ac759c4e560f5b96a1c44ead1-Pie.json,conicet_json_completo/json/ca6d1d9ac759c4e560f5b96a1c44ead1-Pie.json,descargado
https://cifras.conicet.gov.ar/archivos-grafico/ca9eb3183961e2f30e8d90e4989ef487.json,conicet_json_completo/json/ca9eb3183961e2f30e8d90e4989ef487.json,descargado
https://cifras.conicet.gov.ar/archivos-grafico/cada455dd94c0b89a7db3b0de1e2a4ec-ZoomableSunburst.json,conicet_json_completo/json/cada455dd94c0b89a7db3b0de1e2a4ec-ZoomableSunburst.json,descargado
https://cifras.conicet.gov.ar/archivos-grafico/cb09c744cba7cf60fc775a5833b630e2-Mapa.json,conicet_json_completo/json/cb09c744cba7cf60fc775a5833b630e2-Mapa.json,descargado
https://cifras.conicet.gov.ar/archivos-grafico/cb1bd716bcb3073d0a6aa0032c7e2c50-ZoomableSunburst.json,conicet_json_completo/json/cb1bd716bcb3073d0a6aa0032c7e2c50-ZoomableSunburst.json,descargado
https://cifras.conicet.gov.ar/archivos-grafico/cbc2f44b3d609b285a90953262b68109-Line.json,conicet_json_completo/json/cbc2f44b3d609b285a90953262b68109-Line.json,descargado
https://cifras.conicet.gov.ar/archivos-grafico/cbc813680719a55f123bba7b98e5b725-Mapa.json,conicet_json_completo/json/cbc813680719a55f123bba7b98e5b725-Mapa.json,descargado
https://cifras.conicet.gov.ar/archivos-grafico/ccc87843cbe4d7a635c6c06cbe19d96a.json,conicet_json_completo/json/ccc87843cbe4d7a635c6c06cbe19d96a.json,descargado
https://cifras.conicet.gov.ar/archivos-grafico/cd571e8ba7d67792d5bd4b4bff761f50-Mapa.json,conicet_json_completo/json/cd571e8ba7d67792d5bd4b4bff761f50-Mapa.json,descargado
https://cifras.conicet.gov.ar/archivos-grafico/ce5ee24f51636e9c920488ee4a422fd3.json,conicet_json_completo/json/ce5ee24f51636e9c920488ee4a422fd3.json,descargado
https://cifras.conicet.gov.ar/archivos-grafico/cf516559fe8ccf655279245a65fa3978.json,conicet_json_completo/json/cf516559fe8ccf655279245a65fa3978.json,descargado
https://cifras.conicet.gov.ar/archivos-grafico/d00854d9a28877406a712aafbb6ad5b8.json,conicet_json_completo/json/d00854d9a28877406a712aafbb6ad5b8.json,descargado
https://cifras.conicet.gov.ar/archivos-grafico/d03debf80bfd166dd8261075578c1084.json,conicet_json_completo/json/d03debf80bfd166dd8261075578c1084.json,descargado
https://cifras.conicet.gov.ar/archivos-grafico/d0797a2495a414aed6879f8d20653ede-Mapa.json,conicet_json_completo/json/d0797a2495a414aed6879f8d20653ede-Mapa.json,descargado
https://cifras.conicet.gov.ar/archivos-grafico/d0eb2d10e286fc230243e657746ada8d-Mapa.json,conicet_json_completo/json/d0eb2d10e286fc230243e657746ada8d-Mapa.json,descargado
https://cifras.conicet.gov.ar/archivos-grafico/d0fbb76b3f1a3f5413641116882fb0af.json,conicet_json_completo/json/d0fbb76b3f1a3f5413641116882fb0af.json,descargado
https://cifras.conicet.gov.ar/archivos-grafico/d167bc3e6c8876f62c257ab65f6727d3-Mapa.json,conicet_json_completo/json/d167bc3e6c8876f62c257ab65f6727d3-Mapa.json,descargado
https://cifras.conicet.gov.ar/archivos-grafico/d24804392895b477aaba15df4f12f42d.json,conicet_json_completo/json/d24804392895b477aaba15df4f12f42d.json,descargado
https://cifras.conicet.gov.ar/archivos-grafico/d3cce64728ded6abe2c3be0d61a19ebd-ZoomableSunburst.json,conicet_json_completo/json/d3cce64728ded6abe2c3be0d61a19ebd-ZoomableSunburst.json,descargado
https://cifras.conicet.gov.ar/archivos-grafico/d402cafdf7ef5ee358c2be01fec178e1.json,conicet_json_completo/json/d402cafdf7ef5ee358c2be01fec178e1.json,descargado
https://cifras.conicet.gov.ar/archivos-grafico/d4ab28e5ebbb8ba6baf2e5c088f7ae30.json,conicet_json_completo/json/d4ab28e5ebbb8ba6baf2e5c088f7ae30.json,descargado
https://cifras.conicet.gov.ar/archivos-grafico/d549488534f9a4777ed85740f8d0f26b-Pie.json,conicet_json_completo/json/d549488534f9a4777ed85740f8d0f26b-Pie.json,descargado
https://cifras.conicet.gov.ar/archivos-grafico/d66e75ced61c9fba31e1e12ae3fb2586.json,conicet_json_completo/json/d66e75ced61c9fba31e1e12ae3fb2586.json,descargado
https://cifras.conicet.gov.ar/archivos-grafico/d7d20545aacf7fca018bc7c3de5190cd-ColumnSimple.json,conicet_json_completo/json/d7d20545aacf7fca018bc7c3de5190cd-ColumnSimple.json,descargado
https://cifras.conicet.gov.ar/archivos-grafico/d86fa8cd5684660ba6a3741ce9aedf20-Mapa.json,conicet_json_completo/json/d86fa8cd5684660ba6a3741ce9aedf20-Mapa.json,descargado
https://cifras.conicet.gov.ar/archivos-grafico/d921c1973d44944b4209098261b06761-Pie.json,conicet_json_completo/json/d921c1973d44944b4209098261b06761-Pie.json,descargado
https://cifras.conicet.gov.ar/archivos-grafico/d9c65c789b7ecdcb06f8e96ff18f2c6d.json,conicet_json_completo/json/d9c65c789b7ecdcb06f8e96ff18f2c6d.json,descargado
https://cifras.conicet.gov.ar/archivos-grafico/da165bbc62ba067972c96f2894f6b7a0.json,conicet_json_completo/json/da165bbc62ba067972c96f2894f6b7a0.json,descargado
https://cifras.conicet.gov.ar/archivos-grafico/db50ec6a6ce0298e18baac4b866ef5e2.json,conicet_json_completo/json/db50ec6a6ce0298e18baac4b866ef5e2.json,descargado
https://cifras.conicet.gov.ar/archivos-grafico/dbaf9ae595cb8779344776c47201d894.json,conicet_json_completo/json/dbaf9ae595cb8779344776c47201d894.json,descargado
https://cifras.conicet.gov.ar/archivos-grafico/dc8aeaf27b42860aafcb33837251bbfc.json,conicet_json_completo/json/dc8aeaf27b42860aafcb33837251bbfc.json,descargado
https://cifras.conicet.gov.ar/archivos-grafico/dcd77009b4d0f96c97acf25cfd40050e-Pie.json,conicet_json_completo/json/dcd77009b4d0f96c97acf25cfd40050e-Pie.json,descargado
https://cifras.conicet.gov.ar/archivos-grafico/dd069268958c288581f067371499ec92.json,conicet_json_completo/json/dd069268958c288581f067371499ec92.json,descargado
https://cifras.conicet.gov.ar/archivos-grafico/dd28857dc036e2020c7baf40f2d0e13c-Mapa.json,conicet_json_completo/json/dd28857dc036e2020c7baf40f2d0e13c-Mapa.json,descargado
https://cifras.conicet.gov.ar/archivos-grafico/ddad21f0c1b8b4a49e768b4404c63bf3-ZoomableCircle.json,conicet_json_completo/json/ddad21f0c1b8b4a49e768b4404c63bf3-ZoomableCircle.json,descargado
https://cifras.conicet.gov.ar/archivos-grafico/de007386c18cdbf3387654260a1e063f.json,conicet_json_completo/json/de007386c18cdbf3387654260a1e063f.json,descargado
https://cifras.conicet.gov.ar/archivos-grafico/de02fbf265ee7f60e9d7d0983e25d8bb-ZoomableCircle.json,conicet_json_completo/json/de02fbf265ee7f60e9d7d0983e25d8bb-ZoomableCircle.json,descargado
https://cifras.conicet.gov.ar/archivos-grafico/de612c42561c3824f59bfff8cccc7332.json,conicet_json_completo/json/de612c42561c3824f59bfff8cccc7332.json,descargado
https://cifras.conicet.gov.ar/archivos-grafico/df1611a2c5a5f725ba0fb45fc7785eb1.json,conicet_json_completo/json/df1611a2c5a5f725ba0fb45fc7785eb1.json,descargado
https://cifras.conicet.gov.ar/archivos-grafico/e16fe4692576180ab6e059293f85268c-ColumnSimple.json,conicet_json_completo/json/e16fe4692576180ab6e059293f85268c-ColumnSimple.json,descargado
https://cifras.conicet.gov.ar/archivos-grafico/e21312b33785f0b151db1c780a12feb0-Bar.json,conicet_json_completo/json/e21312b33785f0b151db1c780a12feb0-Bar.json,descargado
https://cifras.conicet.gov.ar/archivos-grafico/e36b303f882c2c06b30d510387480542-ColumnSimple.json,conicet_json_completo/json/e36b303f882c2c06b30d510387480542-ColumnSimple.json,descargado
https://cifras.conicet.gov.ar/archivos-grafico/e60c7a64a90e41bf8e5f2156e0b2c870-ZoomableSunburst.json,conicet_json_completo/json/e60c7a64a90e41bf8e5f2156e0b2c870-ZoomableSunburst.json,descargado
https://cifras.conicet.gov.ar/archivos-grafico/e638ad45078f2f6490b2fe87ababda34-Bar.json,conicet_json_completo/json/e638ad45078f2f6490b2fe87ababda34-Bar.json,descargado
https://cifras.conicet.gov.ar/archivos-grafico/e63a59a788f1e8d7773f2391c002cae1-Pie.json,conicet_json_completo/json/e63a59a788f1e8d7773f2391c002cae1-Pie.json,descargado
https://cifras.conicet.gov.ar/archivos-grafico/e696c42e2f917c7944916963aa34ada1.json,conicet_json_completo/json/e696c42e2f917c7944916963aa34ada1.json,descargado
https://cifras.conicet.gov.ar/archivos-grafico/e6ae43c8787c15c70f2005bd9259ebcb-Bar.json,conicet_json_completo/json/e6ae43c8787c15c70f2005bd9259ebcb-Bar.json,descargado
https://cifras.conicet.gov.ar/archivos-grafico/e851d32d7696ae6962e25b6178a5db2a.json,conicet_json_completo/json/e851d32d7696ae6962e25b6178a5db2a.json,descargado
https://cifras.conicet.gov.ar/archivos-grafico/e9d7f8e43058ee88d8ecc97d8ac99d19.json,conicet_json_completo/json/e9d7f8e43058ee88d8ecc97d8ac99d19.json,descargado
https://cifras.conicet.gov.ar/archivos-grafico/e9ffab7678978b1d44aae53e391fbd56-Bar.json,conicet_json_completo/json/e9ffab7678978b1d44aae53e391fbd56-Bar.json,descargado
https://cifras.conicet.gov.ar/archivos-grafico/ea394a00c7c94e6e0e4d2f529a6b0bb6-ColumnSimple.json,conicet_json_completo/json/ea394a00c7c94e6e0e4d2f529a6b0bb6-ColumnSimple.json,descargado
https://cifras.conicet.gov.ar/archivos-grafico/eb42fd6728ff4d9b0eb9885ba27184eb.json,conicet_json_completo/json/eb42fd6728ff4d9b0eb9885ba27184eb.json,descargado
https://cifras.conicet.gov.ar/archivos-grafico/ebab258f0bdc0a039457f7a208502ede.json,conicet_json_completo/json/ebab258f0bdc0a039457f7a208502ede.json,descargado
https://cifras.conicet.gov.ar/archivos-grafico/ed32902a6eb51eec95282ba72b9e7720.json,conicet_json_completo/json/ed32902a6eb51eec95282ba72b9e7720.json,descargado
https://cifras.conicet.gov.ar/archivos-grafico/ee02d9226c66c0821d15b80df37f093e-Mapa.json,conicet_json_completo/json/ee02d9226c66c0821d15b80df37f093e-Mapa.json,descargado
https://cifras.conicet.gov.ar/archivos-grafico/ee03e61751acc5076c8d526079f76297-Bar.json,conicet_json_completo/json/ee03e61751acc5076c8d526079f76297-Bar.json,descargado
https://cifras.conicet.gov.ar/archivos-grafico/ee09e1b196491034187cf60cbce66561.json,conicet_json_completo/json/ee09e1b196491034187cf60cbce66561.json,descargado
https://cifras.conicet.gov.ar/archivos-grafico/ef9ce43acf60456cd32d485d339d52f3.json,conicet_json_completo/json/ef9ce43acf60456cd32d485d339d52f3.json,descargado
https://cifras.conicet.gov.ar/archivos-grafico/effe85ce41f43ee22d6257c50b88e58d-Mapa.json,conicet_json_completo/json/effe85ce41f43ee22d6257c50b88e58d-Mapa.json,descargado
https://cifras.conicet.gov.ar/archivos-grafico/f25634ee61e725a9de12b09ed9d8ea32-Pie.json,conicet_json_completo/json/f25634ee61e725a9de12b09ed9d8ea32-Pie.json,descargado
https://cifras.conicet.gov.ar/archivos-grafico/f2ac9da1f7c885a8a8bdb1092899ca50.json,conicet_json_completo/json/f2ac9da1f7c885a8a8bdb1092899ca50.json,descargado
https://cifras.conicet.gov.ar/archivos-grafico/f495ca2bb47508e10bf7940e292d10e9-Mapa.json,conicet_json_completo/json/f495ca2bb47508e10bf7940e292d10e9-Mapa.json,descargado
https://cifras.conicet.gov.ar/archivos-grafico/f4badcffd84957629289b0bcb6196cca-Pie.json,conicet_json_completo/json/f4badcffd84957629289b0bcb6196cca-Pie.json,descargado
https://cifras.conicet.gov.ar/archivos-grafico/f4de2b0ff982ef4e91d601f72672cd0c-Mapa.json,conicet_json_completo/json/f4de2b0ff982ef4e91d601f72672cd0c-Mapa.json,descargado
https://cifras.conicet.gov.ar/archivos-grafico/f4f04fc46207b0c55b8fb4dab22868f6.json,conicet_json_completo/json/f4f04fc46207b0c55b8fb4dab22868f6.json,descargado
https://cifras.conicet.gov.ar/archivos-grafico/f6a3f79c97727d801fff37919de2bcba.json,conicet_json_completo/json/f6a3f79c97727d801fff37919de2bcba.json,descargado
https://cifras.conicet.gov.ar/archivos-grafico/f78aeee736400df8411c63138b485ff6.json,conicet_json_completo/json/f78aeee736400df8411c63138b485ff6.json,descargado
https://cifras.conicet.gov.ar/archivos-grafico/f7b626502d31edf1a9f93718ffaaba76.json,conicet_json_completo/json/f7b626502d31edf1a9f93718ffaaba76.json,descargado
https://cifras.conicet.gov.ar/archivos-grafico/f7d185a3673bf85b1c1eb7295f07fda5-Bar.json,conicet_json_completo/json/f7d185a3673bf85b1c1eb7295f07fda5-Bar.json,descargado
https://cifras.conicet.gov.ar/archivos-grafico/f88058e548a895919d5ec2df9f10e53c.json,conicet_json_completo/json/f88058e548a895919d5ec2df9f10e53c.json,descargado
https://cifras.conicet.gov.ar/archivos-grafico/f8c5db7f2f5f4b64cce76af1ef2561cf.json,conicet_json_completo/json/f8c5db7f2f5f4b64cce76af1ef2561cf.json,descargado
https://cifras.conicet.gov.ar/archivos-grafico/f8dfd9946908f56bad1577b3707bfb25-ZoomableSunburst.json,conicet_json_completo/json/f8dfd9946908f56bad1577b3707bfb25-ZoomableSunburst.json,descargado
https://cifras.conicet.gov.ar/archivos-grafico/f96019cdb80cf69f2e8e1dd6a4116e6a-Mapa.json,conicet_json_completo/json/f96019cdb80cf69f2e8e1dd6a4116e6a-Mapa.json,descargado
https://cifras.conicet.gov.ar/archivos-grafico/fa3a05429cd0039512704a3354a3cced-Pie.json,conicet_json_completo/json/fa3a05429cd0039512704a3354a3cced-Pie.json,descargado
https://cifras.conicet.gov.ar/archivos-grafico/fb51b1526ddc2d5e96b56d3488813679.json,conicet_json_completo/json/fb51b1526ddc2d5e96b56d3488813679.json,descargado
https://cifras.conicet.gov.ar/archivos-grafico/fba53619cb115fc627964aadd35e4dfb-Pie.json,conicet_json_completo/json/fba53619cb115fc627964aadd35e4dfb-Pie.json,descargado
https://cifras.conicet.gov.ar/archivos-grafico/fbee87f6ceeb9c02d80b648f75949bdd.json,conicet_json_completo/json/fbee87f6ceeb9c02d80b648f75949bdd.json,descargado
https://cifras.conicet.gov.ar/archivos-grafico/fc817eb35bdb6e2e37a622fe44b4715e.json,conicet_json_completo/json/fc817eb35bdb6e2e37a622fe44b4715e.json,descargado
https://cifras.conicet.gov.ar/archivos-grafico/fd6689e80bf6173fda8fc5a22fb294a1-Mapa.json,conicet_json_completo/json/fd6689e80bf6173fda8fc5a22fb294a1-Mapa.json,descargado
https://cifras.conicet.gov.ar/archivos-grafico/fdb9bfc1ee0c16ba2c65dce8c035c7d0.json,conicet_json_completo/json/fdb9bfc1ee0c16ba2c65dce8c035c7d0.json,descargado
https://cifras.conicet.gov.ar/archivos-grafico/ff23b104e01c53bc0b87f4509a5cfbe7-ColumnSimple.json,conicet_json_completo/json/ff23b104e01c53bc0b87f4509a5cfbe7-ColumnSimple.json,descargado
