pagina_id,anio,url_json,origen,estado
40,NA,https://cifras.conicet.gov.ar/archivos-grafico/42995882351b572b66855ec8afd54d73.json,html,detectado
41,NA,https://cifras.conicet.gov.ar/archivos-grafico/f2ac9da1f7c885a8a8bdb1092899ca50.json,html,detectado
106,NA,https://cifras.conicet.gov.ar/archivos-grafico/eb42fd6728ff4d9b0eb9885ba27184eb.json,html,detectado
235,NA,https://cifras.conicet.gov.ar/archivos-grafico/63165eb60b424b605f0ea51b62bfae49-Pie.json,html,detectado
287,NA,https://cifras.conicet.gov.ar/archivos-grafico/d03debf80bfd166dd8261075578c1084.json,html,detectado
289,NA,https://cifras.conicet.gov.ar/archivos-grafico/8d10a75f41ec5b9bd385564b11489e71-Mapa.json,html,detectado
290,NA,https://cifras.conicet.gov.ar/archivos-grafico/502a34aed26f8c00519c1356f15a048d.json,html,detectado
293,NA,https://cifras.conicet.gov.ar/archivos-grafico/c757d35ed4c555378b0d0dd116665c67.json,html,detectado
294,NA,https://cifras.conicet.gov.ar/archivos-grafico/58f3d4b530ec3e630a42783ebc438b91.json,html,detectado
295,NA,https://cifras.conicet.gov.ar/archivos-grafico/1f6c0f01a56a5f2096f7d1590264c177.json,html,detectado
296,NA,https://cifras.conicet.gov.ar/archivos-grafico/42aceb0498bcb7879a2a62175791d592-ColumnSimple.json,html,detectado
297,NA,https://cifras.conicet.gov.ar/archivos-grafico/712c334b01a27d1797659d14616d53b3.json,html,detectado
298,NA,https://cifras.conicet.gov.ar/archivos-grafico/3a1741567b31ae427a263ee3bf84a1d8-Mapa.json,html,detectado
299,NA,https://cifras.conicet.gov.ar/archivos-grafico/021927ec790216411d8135deee9880cb.json,html,detectado
301,NA,https://cifras.conicet.gov.ar/archivos-grafico/80f977387b524d08009d5b18595ca13d.json,html,detectado
314,NA,https://cifras.conicet.gov.ar/archivos-grafico/03fb0975e8790abbe4f0a392c676b2b1-Mapa.json,html,detectado
318,NA,https://cifras.conicet.gov.ar/archivos-grafico/2becc863f8526450d28505126d347694-Mapa.json,html,detectado
319,NA,https://cifras.conicet.gov.ar/archivos-grafico/f7d185a3673bf85b1c1eb7295f07fda5-Bar.json,html,detectado
320,NA,https://cifras.conicet.gov.ar/archivos-grafico/8e3929f276b280b08099bd80e2da8306-ColumnSimple.json,html,detectado
321,NA,https://cifras.conicet.gov.ar/archivos-grafico/85e8801ece02549fd71e884fd74d9dfd.json,html,detectado
322,NA,https://cifras.conicet.gov.ar/archivos-grafico/ee03e61751acc5076c8d526079f76297-Bar.json,html,detectado
323,NA,https://cifras.conicet.gov.ar/archivos-grafico/6d1cb52dda51af2d6456443f5a8f361e.json,html,detectado
330,NA,https://cifras.conicet.gov.ar/archivos-grafico/6d386e70a5e286072ada82ea9ecf520b.json,html,detectado
331,NA,https://cifras.conicet.gov.ar/archivos-grafico/f25634ee61e725a9de12b09ed9d8ea32-Pie.json,html,detectado
332,NA,https://cifras.conicet.gov.ar/archivos-grafico/7cc4e872fd639bec807ecddfc7486fdd.json,html,detectado
333,NA,https://cifras.conicet.gov.ar/archivos-grafico/348a7f388da67dbe4e4a8d358d4836bf.json,html,detectado
334,NA,https://cifras.conicet.gov.ar/archivos-grafico/7255898c9118d3ab38eddae64cf60219.json,html,detectado
335,NA,https://cifras.conicet.gov.ar/archivos-grafico/8f1e1af73387b5d5157a29e965896079-ColumnSimple.json,html,detectado
336,NA,https://cifras.conicet.gov.ar/archivos-grafico/f96019cdb80cf69f2e8e1dd6a4116e6a-Mapa.json,html,detectado
337,NA,https://cifras.conicet.gov.ar/archivos-grafico/6b6c51f16aae36b2012a3fc9f21ee95a-Mapa.json,html,detectado
338,NA,https://cifras.conicet.gov.ar/archivos-grafico/903b9552bb9df7d5df78e8dbc0767f95.json,html,detectado
340,NA,https://cifras.conicet.gov.ar/archivos-grafico/52fee16d132835f57f1d01d5077e6b85.json,html,detectado
342,NA,https://cifras.conicet.gov.ar/archivos-grafico/c1ad5eaebf6347a7fa173108a570dec5-Pie.json,html,detectado
396,NA,https://cifras.conicet.gov.ar/archivos-grafico/cd571e8ba7d67792d5bd4b4bff761f50-Mapa.json,html,detectado
397,NA,https://cifras.conicet.gov.ar/archivos-grafico/2f4c6d5737728ca61cec43f5bdcb5b8f-Pie.json,html,detectado
399,NA,https://cifras.conicet.gov.ar/archivos-grafico/6e25c99a5016b564ec22a8c074351e00-Pie.json,html,detectado
422,NA,https://cifras.conicet.gov.ar/archivos-grafico/d86fa8cd5684660ba6a3741ce9aedf20-Mapa.json,html,detectado
472,NA,https://cifras.conicet.gov.ar/archivos-grafico/de007386c18cdbf3387654260a1e063f.json,html,detectado
473,NA,https://cifras.conicet.gov.ar/archivos-grafico/3ed3e497b75a706265a34df4ad75d25e.json,html,detectado
474,NA,https://cifras.conicet.gov.ar/archivos-grafico/021b5f9aeb9a6a9b5debc620d0854040.json,html,detectado
477,NA,https://cifras.conicet.gov.ar/archivos-grafico/456c2d1be7b7bfca3376361ae2f6cb22.json,html,detectado
478,NA,https://cifras.conicet.gov.ar/archivos-grafico/8e3232bf715fc1a7c8b834d560c30d4e.json,html,detectado
479,NA,https://cifras.conicet.gov.ar/archivos-grafico/89c790f3438aeecf9425fbdcfed2be06.json,html,detectado
480,NA,https://cifras.conicet.gov.ar/archivos-grafico/8da8b75ba1eeec1ab8a57d8b68ddab8f.json,html,detectado
481,NA,https://cifras.conicet.gov.ar/archivos-grafico/de612c42561c3824f59bfff8cccc7332.json,html,detectado
482,NA,https://cifras.conicet.gov.ar/archivos-grafico/d0fbb76b3f1a3f5413641116882fb0af.json,html,detectado
483,NA,https://cifras.conicet.gov.ar/archivos-grafico/ff23b104e01c53bc0b87f4509a5cfbe7-ColumnSimple.json,html,detectado
485,NA,https://cifras.conicet.gov.ar/archivos-grafico/52f8afbbb32f27e840f311cffe1eb3b0-Pie.json,html,detectado
486,NA,https://cifras.conicet.gov.ar/archivos-grafico/b7e6c1bae2745b3fe7425ee255b1d8a8.json,html,detectado
487,NA,https://cifras.conicet.gov.ar/archivos-grafico/994f82fb46a6d1b6af152dda4395df2b-Mapa.json,html,detectado
488,NA,https://cifras.conicet.gov.ar/archivos-grafico/733b215471d728eaacd49b61639421a4-ColumnSimple.json,html,detectado
489,NA,https://cifras.conicet.gov.ar/archivos-grafico/9db10a97cb2252c0713760fc5f8d50c1-Pie.json,html,detectado
490,NA,https://cifras.conicet.gov.ar/archivos-grafico/41e031919f87d1cad2a731113c6b559f-Pie.json,html,detectado
491,NA,https://cifras.conicet.gov.ar/archivos-grafico/d00854d9a28877406a712aafbb6ad5b8.json,html,detectado
492,NA,https://cifras.conicet.gov.ar/archivos-grafico/3681e44aa21dc1fc063ce0b231dd96a7-Pie.json,html,detectado
518,NA,https://cifras.conicet.gov.ar/archivos-grafico/4cb43b01e1b166e57d93bff339278d1d.json,html,detectado
519,NA,https://cifras.conicet.gov.ar/archivos-grafico/3cd9dd6fe646ae679faf9827c65efc77.json,html,detectado
520,NA,https://cifras.conicet.gov.ar/archivos-grafico/3ac8c7d11a32ea56b35fd086f6c20fb2.json,html,detectado
523,NA,https://cifras.conicet.gov.ar/archivos-grafico/2567a90f7ffea78ae43984775af55bb6.json,html,detectado
524,NA,https://cifras.conicet.gov.ar/archivos-grafico/80da5657fe021fcef1e8b233d87ed518.json,html,detectado
525,NA,https://cifras.conicet.gov.ar/archivos-grafico/20abe37d6f15d9c70f17cd6af3ed8c6b-Mapa.json,html,detectado
526,NA,https://cifras.conicet.gov.ar/archivos-grafico/19454fcc06697a5b2b4b046fb5bf8448.json,html,detectado
527,NA,https://cifras.conicet.gov.ar/archivos-grafico/17f94f2c1398071c26873862277d36ff.json,html,detectado
528,NA,https://cifras.conicet.gov.ar/archivos-grafico/6f160acde839d32de46e560bc20c2e14-Pie.json,html,detectado
529,NA,https://cifras.conicet.gov.ar/archivos-grafico/8c4d9417953f8ecb899887b4e3ece5c8.json,html,detectado
530,NA,https://cifras.conicet.gov.ar/archivos-grafico/7a89c43e9d9cf697a9f51769e060c241-Pie.json,html,detectado
531,NA,https://cifras.conicet.gov.ar/archivos-grafico/3b5c88da19022b921d8a6166df2f2cf9.json,html,detectado
532,NA,https://cifras.conicet.gov.ar/archivos-grafico/293304de838446a8e383093bece606c5.json,html,detectado
533,NA,https://cifras.conicet.gov.ar/archivos-grafico/78fff39e68c9dfa1ca1e1603c187b00a-Mapa.json,html,detectado
534,NA,https://cifras.conicet.gov.ar/archivos-grafico/e63a59a788f1e8d7773f2391c002cae1-Pie.json,html,detectado
535,NA,https://cifras.conicet.gov.ar/archivos-grafico/f4badcffd84957629289b0bcb6196cca-Pie.json,html,detectado
609,NA,https://cifras.conicet.gov.ar/archivos-grafico/4ee406189a985afc31fa35d1bc094dbd.json,html,detectado
610,NA,https://cifras.conicet.gov.ar/archivos-grafico/16ec452d8c1d1206a92446b74106d9de.json,html,detectado
611,NA,https://cifras.conicet.gov.ar/archivos-grafico/ccc87843cbe4d7a635c6c06cbe19d96a.json,html,detectado
612,NA,https://cifras.conicet.gov.ar/archivos-grafico/08708cfd23aed994ad0fdc5b37112d65.json,html,detectado
613,NA,https://cifras.conicet.gov.ar/archivos-grafico/81cfbc34588e3f540423501152f67a6f-Pie.json,html,detectado
614,NA,https://cifras.conicet.gov.ar/archivos-grafico/65964f8fe882c4f16518ebd960f75bb3.json,html,detectado
615,NA,https://cifras.conicet.gov.ar/archivos-grafico/6fd2c9a59a30b152995ee2eebeef8588.json,html,detectado
616,NA,https://cifras.conicet.gov.ar/archivos-grafico/df1611a2c5a5f725ba0fb45fc7785eb1.json,html,detectado
617,NA,https://cifras.conicet.gov.ar/archivos-grafico/439480e55ccbdecb13a2905796595eba.json,html,detectado
618,NA,https://cifras.conicet.gov.ar/archivos-grafico/338e350e6b471c4bef1049550286da18.json,html,detectado
676,NA,https://cifras.conicet.gov.ar/archivos-grafico/3212b461abf4b0ca235f19178b1cc1d3.json,html,detectado
677,NA,https://cifras.conicet.gov.ar/archivos-grafico/f8c5db7f2f5f4b64cce76af1ef2561cf.json,html,detectado
680,NA,https://cifras.conicet.gov.ar/archivos-grafico/40452c3e1f217e61f553938cd50e1e7e-Pie.json,html,detectado
681,NA,https://cifras.conicet.gov.ar/archivos-grafico/d4ab28e5ebbb8ba6baf2e5c088f7ae30.json,html,detectado
682,NA,https://cifras.conicet.gov.ar/archivos-grafico/ed32902a6eb51eec95282ba72b9e7720.json,html,detectado
683,NA,https://cifras.conicet.gov.ar/archivos-grafico/f78aeee736400df8411c63138b485ff6.json,html,detectado
684,NA,https://cifras.conicet.gov.ar/archivos-grafico/123ecfbc2ebd22f36b781cffea3dfdf8.json,html,detectado
685,NA,https://cifras.conicet.gov.ar/archivos-grafico/5cd60ce4691a1b109854562dc0d53118.json,html,detectado
686,NA,https://cifras.conicet.gov.ar/archivos-grafico/61eefb63b4ac1a9536e26f770fcfebf8.json,html,detectado
687,NA,https://cifras.conicet.gov.ar/archivos-grafico/d0797a2495a414aed6879f8d20653ede-Mapa.json,html,detectado
688,NA,https://cifras.conicet.gov.ar/archivos-grafico/0ee21d9038cdaf315475f0d8bb4e82c2.json,html,detectado
689,NA,https://cifras.conicet.gov.ar/archivos-grafico/195ee58f8657514478192bd38f230a71-ColumnSimple.json,html,detectado
690,NA,https://cifras.conicet.gov.ar/archivos-grafico/8d2f8166addf6d60af7ef734270007fb-Pie.json,html,detectado
691,NA,https://cifras.conicet.gov.ar/archivos-grafico/97d31bec27c3514197a1136ee9797c0e.json,html,detectado
716,NA,https://cifras.conicet.gov.ar/archivos-grafico/67ae81ef6d7e8ad192fc16bafbaa6200-Mapa.json,html,detectado
717,NA,https://cifras.conicet.gov.ar/archivos-grafico/36616db9a09753a4bfe7594dcd5aae1e-Mapa.json,html,detectado
719,NA,https://cifras.conicet.gov.ar/archivos-grafico/b3840e7ee8ec70551723f27b1b499fb3-Mapa.json,html,detectado
720,NA,https://cifras.conicet.gov.ar/archivos-grafico/4ea21018fbf0e8e344230be711715088-Mapa.json,html,detectado
721,NA,https://cifras.conicet.gov.ar/archivos-grafico/16db84bbe614b5c0ccb4909dd347ed9a-Mapa.json,html,detectado
722,NA,https://cifras.conicet.gov.ar/archivos-grafico/73a51d9c81baa6da51fe9039d7a0cf30-Mapa.json,html,detectado
723,NA,https://cifras.conicet.gov.ar/archivos-grafico/a52827b638ae6e65e44b4f0fc28f48ec-Pie.json,html,detectado
724,NA,https://cifras.conicet.gov.ar/archivos-grafico/0f0c953de9f0b4752f88b85766e51e6c-Pie.json,html,detectado
774,NA,https://cifras.conicet.gov.ar/archivos-grafico/1db387828343e3b9d2b96092cc145618-Pie.json,html,detectado
776,NA,https://cifras.conicet.gov.ar/archivos-grafico/72e0ec31229ff0959fe3424703e10aa3.json,html,detectado
777,NA,https://cifras.conicet.gov.ar/archivos-grafico/85e9568f21cd9fea9bd99ff4f9a3061c.json,html,detectado
778,NA,https://cifras.conicet.gov.ar/archivos-grafico/8e9961d9655a991f74c6efca14f1be02.json,html,detectado
779,NA,https://cifras.conicet.gov.ar/archivos-grafico/26ae1d94eecdb449bc380a742690e0fd.json,html,detectado
780,NA,https://cifras.conicet.gov.ar/archivos-grafico/a9cc9b06cc6fdf0bb7613c7215cf1fe1.json,html,detectado
782,NA,https://cifras.conicet.gov.ar/archivos-grafico/d24804392895b477aaba15df4f12f42d.json,html,detectado
783,NA,https://cifras.conicet.gov.ar/archivos-grafico/476faa9dd4c3c3118bc0419a585fddaa.json,html,detectado
784,NA,https://cifras.conicet.gov.ar/archivos-grafico/5e4719f7f229c91937042b7e765fe72d.json,html,detectado
785,NA,https://cifras.conicet.gov.ar/archivos-grafico/486676d5d5bcdf7d03757249abd8dfb2.json,html,detectado
786,NA,https://cifras.conicet.gov.ar/archivos-grafico/5f1ee445205597da7c3fdca6d59a59aa.json,html,detectado
787,NA,https://cifras.conicet.gov.ar/archivos-grafico/e16fe4692576180ab6e059293f85268c-ColumnSimple.json,html,detectado
788,NA,https://cifras.conicet.gov.ar/archivos-grafico/b922c94090d6379a3277d94aa2974a2c-Mapa.json,html,detectado
789,NA,https://cifras.conicet.gov.ar/archivos-grafico/49b9c7e1cfa619b26f3a6063e1c68726-Pie.json,html,detectado
790,NA,https://cifras.conicet.gov.ar/archivos-grafico/bdb9d2e2b339723ff58525b072f9a28a-ColumnSimple.json,html,detectado
791,NA,https://cifras.conicet.gov.ar/archivos-grafico/5787a183a2ce1d838f39cd9a186d228c-Pie.json,html,detectado
792,NA,https://cifras.conicet.gov.ar/archivos-grafico/1eb6e8f04618bcbbde886342c96f39cf-Mapa.json,html,detectado
793,NA,https://cifras.conicet.gov.ar/archivos-grafico/5ca9459a21d8dda0a9f1106e13a48e69.json,html,detectado
794,NA,https://cifras.conicet.gov.ar/archivos-grafico/c8f476fe6248b50840729933b60b144d.json,html,detectado
795,NA,https://cifras.conicet.gov.ar/archivos-grafico/9e447ab210b5f3080ca108cc04d676f8.json,html,detectado
822,NA,https://cifras.conicet.gov.ar/archivos-grafico/31c18a8e4bc1f97de300e9c74065118e.json,html,detectado
824,NA,https://cifras.conicet.gov.ar/archivos-grafico/0680a9951b2737c2916e6f6ac0055042-Pie.json,html,detectado
827,NA,https://cifras.conicet.gov.ar/archivos-grafico/17628bf99be80721d42958b3aef06f22.json,html,detectado
828,NA,https://cifras.conicet.gov.ar/archivos-grafico/cbc813680719a55f123bba7b98e5b725-Mapa.json,html,detectado
829,NA,https://cifras.conicet.gov.ar/archivos-grafico/c9eba581da954d056e401994adb48663-Pie.json,html,detectado
830,NA,https://cifras.conicet.gov.ar/archivos-grafico/8876cc41e0b84eeb8930b000018d24cf.json,html,detectado
831,NA,https://cifras.conicet.gov.ar/archivos-grafico/c59b55746a45e6d1bc318c27645a064a-Mapa.json,html,detectado
832,NA,https://cifras.conicet.gov.ar/archivos-grafico/22db600c7d92744c6c5ea2c413acc51c.json,html,detectado
833,NA,https://cifras.conicet.gov.ar/archivos-grafico/c9ca4c6e22449ff2107d5f2b7ecf3aff.json,html,detectado
835,NA,https://cifras.conicet.gov.ar/archivos-grafico/ac2f71aa8c6d47d6d2a7c38288e1ea43.json,html,detectado
836,NA,https://cifras.conicet.gov.ar/archivos-grafico/c382be04c578137cc049edf6db0510dd-Mapa.json,html,detectado
837,NA,https://cifras.conicet.gov.ar/archivos-grafico/fba53619cb115fc627964aadd35e4dfb-Pie.json,html,detectado
838,NA,https://cifras.conicet.gov.ar/archivos-grafico/7f343c3ece60ca2e5414bd63ce19ef07-Pie.json,html,detectado
854,NA,https://cifras.conicet.gov.ar/archivos-grafico/77f8a8066ee3c12d249a59b905c4ca7e-Pie.json,html,detectado
857,NA,https://cifras.conicet.gov.ar/archivos-grafico/5a6fbb3efefe30b014315f06566ec071-Pie.json,html,detectado
858,NA,https://cifras.conicet.gov.ar/archivos-grafico/9053d3839a8a6f05922914a1c0514455.json,html,detectado
863,NA,https://cifras.conicet.gov.ar/archivos-grafico/8cf93f45b923032194afaa2929caa0c2-Pie.json,html,detectado
865,NA,https://cifras.conicet.gov.ar/archivos-grafico/213da34441a57c144473b72af1c32578.json,html,detectado
868,NA,https://cifras.conicet.gov.ar/archivos-grafico/99af9e2ab533e707458eb79adf31977b-Mapa.json,html,detectado
875,NA,https://cifras.conicet.gov.ar/archivos-grafico/3b1ed5a9062374a15834fcdb047349a9-Bar.json,html,detectado
876,NA,https://cifras.conicet.gov.ar/archivos-grafico/0db1aca1a0dccd4aa7a231ca03e40c01-Bar.json,html,detectado
880,NA,https://cifras.conicet.gov.ar/archivos-grafico/a51de0f212a51313d222adb251df8e08-ZoomableCircle.json,html,detectado
881,NA,https://cifras.conicet.gov.ar/archivos-grafico/ac933c20eacd560a465278fab9ee20e1-Mapa.json,html,detectado
882,NA,https://cifras.conicet.gov.ar/archivos-grafico/20ec249225ace4d53b47523395ee037a.json,html,detectado
884,NA,https://cifras.conicet.gov.ar/archivos-grafico/7dbff6a5e032fe92f89e989d2f162e3b-ZoomableSunburst.json,html,detectado
886,NA,https://cifras.conicet.gov.ar/archivos-grafico/848accd7499af96dcf37d42b4081b12c.json,html,detectado
887,NA,https://cifras.conicet.gov.ar/archivos-grafico/4d6f78ef28493b3b75d91912bd5d444c.json,html,detectado
888,NA,https://cifras.conicet.gov.ar/archivos-grafico/fa3a05429cd0039512704a3354a3cced-Pie.json,html,detectado
890,NA,https://cifras.conicet.gov.ar/archivos-grafico/f88058e548a895919d5ec2df9f10e53c.json,html,detectado
891,NA,https://cifras.conicet.gov.ar/archivos-grafico/cf516559fe8ccf655279245a65fa3978.json,html,detectado
892,NA,https://cifras.conicet.gov.ar/archivos-grafico/f4de2b0ff982ef4e91d601f72672cd0c-Mapa.json,html,detectado
895,NA,https://cifras.conicet.gov.ar/archivos-grafico/03d41257c1c3c70f1b965c15c0905c23-ZoomableSunburst.json,html,detectado
897,NA,https://cifras.conicet.gov.ar/archivos-grafico/56484a7e4999c96d0bf249cad4afc090.json,html,detectado
899,NA,https://cifras.conicet.gov.ar/archivos-grafico/c9db6594179dbeef87dc2c1a73017fa2.json,html,detectado
902,NA,https://cifras.conicet.gov.ar/archivos-grafico/374633546f1c926b2212a841cef12f78-ZoomableCircle.json,html,detectado
903,NA,https://cifras.conicet.gov.ar/archivos-grafico/590f9cf6fc0e2e2bb373a276467bd477-Mapa.json,html,detectado
904,NA,https://cifras.conicet.gov.ar/archivos-grafico/45e76c2c44f241e0c5a49556817aa9c3.json,html,detectado
905,NA,https://cifras.conicet.gov.ar/archivos-grafico/a2b65a13f6c6734e25d2d323c07206d8.json,html,detectado
907,NA,https://cifras.conicet.gov.ar/archivos-grafico/20d6abae65fb06cbf5a70291a085d7fb-ZoomableSunburst.json,html,detectado
908,NA,https://cifras.conicet.gov.ar/archivos-grafico/5dd09f1fc4931cf1e4ee30f6d883d905-ZoomableSunburst.json,html,detectado
911,NA,https://cifras.conicet.gov.ar/archivos-grafico/3440b95677c099c3d3ecd8e1a8f45859.json,html,detectado
912,NA,https://cifras.conicet.gov.ar/archivos-grafico/b50ceba1097b73abb4cb24697f14c6dd-ZoomableSunburst.json,html,detectado
913,NA,https://cifras.conicet.gov.ar/archivos-grafico/804620330edfdeb582a75bfc6d3ee979.json,html,detectado
914,NA,https://cifras.conicet.gov.ar/archivos-grafico/ac2f0707a9ac62b7c02ee7010fdeeb7b.json,html,detectado
915,NA,https://cifras.conicet.gov.ar/archivos-grafico/69f7e65b00d115522ec03a9bba52e3c6.json,html,detectado
917,NA,https://cifras.conicet.gov.ar/archivos-grafico/51e3ebe1592b36c2eb26511ba074348b.json,html,detectado
918,NA,https://cifras.conicet.gov.ar/archivos-grafico/622d2c10a8436e53f97e51f4d1d8a6f2.json,html,detectado
919,NA,https://cifras.conicet.gov.ar/archivos-grafico/c71180773bc911cb303f1fe7d384a046.json,html,detectado
920,NA,https://cifras.conicet.gov.ar/archivos-grafico/0f885b58ca50322fd9fc1b804cb2ea0f.json,html,detectado
921,NA,https://cifras.conicet.gov.ar/archivos-grafico/dbaf9ae595cb8779344776c47201d894.json,html,detectado
922,NA,https://cifras.conicet.gov.ar/archivos-grafico/af0bc8af8f42f9417da1ea47c37b1f8c.json,html,detectado
923,NA,https://cifras.conicet.gov.ar/archivos-grafico/0fcf31eb865687e70ecfcce4cf34f4e2-ColumnSimple.json,html,detectado
924,NA,https://cifras.conicet.gov.ar/archivos-grafico/7b95ad38780db11309332ecbb190b2b2-Pie.json,html,detectado
925,NA,https://cifras.conicet.gov.ar/archivos-grafico/b7cf5c7c830796cdc0162170bc5f7c96-Bar.json,html,detectado
926,NA,https://cifras.conicet.gov.ar/archivos-grafico/1045f05cffa98822b03c1d295d350a2d.json,html,detectado
927,NA,https://cifras.conicet.gov.ar/archivos-grafico/10902727cf3c1d403f11c224ba6dcf88.json,html,detectado
928,NA,https://cifras.conicet.gov.ar/archivos-grafico/939551798f98bc432b02a3c1331f7efe-Pie.json,html,detectado
929,NA,https://cifras.conicet.gov.ar/archivos-grafico/64384cf461e36a5cc9e09389c4e55298-Pie.json,html,detectado
930,NA,https://cifras.conicet.gov.ar/archivos-grafico/449a71f58a61694f172e2cb575bbbb5f-Mapa.json,html,detectado
931,NA,https://cifras.conicet.gov.ar/archivos-grafico/e6ae43c8787c15c70f2005bd9259ebcb-Bar.json,html,detectado
932,NA,https://cifras.conicet.gov.ar/archivos-grafico/fbee87f6ceeb9c02d80b648f75949bdd.json,html,detectado
933,NA,https://cifras.conicet.gov.ar/archivos-grafico/73eedcf4989a10382a2ff3a378ceff01-ColumnSimple.json,html,detectado
934,NA,https://cifras.conicet.gov.ar/archivos-grafico/dd28857dc036e2020c7baf40f2d0e13c-Mapa.json,html,detectado
935,NA,https://cifras.conicet.gov.ar/archivos-grafico/8a7ee76f1ad9ad96629f8f39fa58407f.json,html,detectado
936,NA,https://cifras.conicet.gov.ar/archivos-grafico/3b5239bbc0dbaba48e9df8d7113f77bb-Pie.json,html,detectado
937,NA,https://cifras.conicet.gov.ar/archivos-grafico/b0de79bfa11c4e5006f4b01ed132dabc-Pie.json,html,detectado
939,NA,https://cifras.conicet.gov.ar/archivos-grafico/ef9ce43acf60456cd32d485d339d52f3.json,html,detectado
940,NA,https://cifras.conicet.gov.ar/archivos-grafico/5eec5010d06acbcb220b9212e075aee7.json,html,detectado
941,NA,https://cifras.conicet.gov.ar/archivos-grafico/12144720681293ed9372f60a72ac9a81.json,html,detectado
942,NA,https://cifras.conicet.gov.ar/archivos-grafico/f7b626502d31edf1a9f93718ffaaba76.json,html,detectado
943,NA,https://cifras.conicet.gov.ar/archivos-grafico/7db3115813dd06911e158a6cc420a807-Mapa.json,html,detectado
944,NA,https://cifras.conicet.gov.ar/archivos-grafico/ee09e1b196491034187cf60cbce66561.json,html,detectado
945,NA,https://cifras.conicet.gov.ar/archivos-grafico/99711dab839806bcb34b52b836ecea2b.json,html,detectado
946,NA,https://cifras.conicet.gov.ar/archivos-grafico/18b2a20c1b6334f0fb09a24cdbce3187.json,html,detectado
948,NA,https://cifras.conicet.gov.ar/archivos-grafico/9d5fc1f076802c90420275ff0aaf0f97-Pie.json,html,detectado
949,NA,https://cifras.conicet.gov.ar/archivos-grafico/6f7684bbd6aaee86978a715e24007935-Mapa.json,html,detectado
950,NA,https://cifras.conicet.gov.ar/archivos-grafico/d9c65c789b7ecdcb06f8e96ff18f2c6d.json,html,detectado
951,NA,https://cifras.conicet.gov.ar/archivos-grafico/43b24e0e7dcf947c63b8956b2d8bbcfd-Mapa.json,html,detectado
952,NA,https://cifras.conicet.gov.ar/archivos-grafico/ca6d1d9ac759c4e560f5b96a1c44ead1-Pie.json,html,detectado
954,NA,https://cifras.conicet.gov.ar/archivos-grafico/c89e688962661b23bb972455d37ee0e7-Mapa.json,html,detectado
955,NA,https://cifras.conicet.gov.ar/archivos-grafico/6f17dd3221f5d332a769a9a32875269e.json,html,detectado
957,NA,https://cifras.conicet.gov.ar/archivos-grafico/591fe18187df3057316b6941ff5c1947-Mapa.json,html,detectado
958,NA,https://cifras.conicet.gov.ar/archivos-grafico/c4c05c2252ef3e66eb4602e80214c5a6-Pie.json,html,detectado
959,NA,https://cifras.conicet.gov.ar/archivos-grafico/e36b303f882c2c06b30d510387480542-ColumnSimple.json,html,detectado
960,NA,https://cifras.conicet.gov.ar/archivos-grafico/39ef6575ba50ca1de23727d24dda3124.json,html,detectado
961,NA,https://cifras.conicet.gov.ar/archivos-grafico/306f3130bb4a574ace8f4da387691fc5-Pie.json,html,detectado
963,NA,https://cifras.conicet.gov.ar/archivos-grafico/b263274655bf98cc2675c925f6e4d14c.json,html,detectado
964,NA,https://cifras.conicet.gov.ar/archivos-grafico/e851d32d7696ae6962e25b6178a5db2a.json,html,detectado
965,NA,https://cifras.conicet.gov.ar/archivos-grafico/681e20933ce58c6162e2877d455dd154.json,html,detectado
966,NA,https://cifras.conicet.gov.ar/archivos-grafico/aaa26905b7cb94c8bdb2f8590938a652-Mapa.json,html,detectado
967,NA,https://cifras.conicet.gov.ar/archivos-grafico/bdd5c3b1b2b86ff14058ded843096194-Pie.json,html,detectado
968,NA,https://cifras.conicet.gov.ar/archivos-grafico/0accc34ae39b6633b6163ec52507623d.json,html,detectado
969,NA,https://cifras.conicet.gov.ar/archivos-grafico/43f107bf57a716fdafb3044eb254a313-Pie.json,html,detectado
970,NA,https://cifras.conicet.gov.ar/archivos-grafico/afd6273507e4f02aad1fd6a101d0c6bd.json,html,detectado
971,NA,https://cifras.conicet.gov.ar/archivos-grafico/aee1e79f6b5c9c22348f850803ba329c.json,html,detectado
972,NA,https://cifras.conicet.gov.ar/archivos-grafico/278ab55a836242b3eef5885bf0565439.json,html,detectado
973,NA,https://cifras.conicet.gov.ar/archivos-grafico/9575d79bcbd8d748b6bf4848635649a9.json,html,detectado
974,NA,https://cifras.conicet.gov.ar/archivos-grafico/7609925f9ae89aba782caec140771181-ZoomableCircle.json,html,detectado
975,NA,https://cifras.conicet.gov.ar/archivos-grafico/3d83f88a5858fe43295fba3a992e7024-Mapa.json,html,detectado
976,NA,https://cifras.conicet.gov.ar/archivos-grafico/dd069268958c288581f067371499ec92.json,html,detectado
977,NA,https://cifras.conicet.gov.ar/archivos-grafico/63117d9a94399d37b862ee114ed254e7.json,html,detectado
979,NA,https://cifras.conicet.gov.ar/archivos-grafico/771bff8e42aa4e73dca6fb7a8cd0105e.json,html,detectado
991,NA,https://cifras.conicet.gov.ar/archivos-grafico/8b5a171b173fca3d18124e0b6635003b.json,html,detectado
994,NA,https://cifras.conicet.gov.ar/archivos-grafico/152590fae5ae9422c45fb58cb7a1becb.json,html,detectado
995,NA,https://cifras.conicet.gov.ar/archivos-grafico/a2a838ecdf58e808b9d97c94b0e5947a-Pie.json,html,detectado
996,NA,https://cifras.conicet.gov.ar/archivos-grafico/1e3f09176318a76f90a86c97e71a6767.json,html,detectado
998,NA,https://cifras.conicet.gov.ar/archivos-grafico/6f67a7747690186ef4d0e00b677a917d.json,html,detectado
999,NA,https://cifras.conicet.gov.ar/archivos-grafico/a2a19e7b9b2d19a7731f7d4738e57964.json,html,detectado
1000,NA,https://cifras.conicet.gov.ar/archivos-grafico/fb51b1526ddc2d5e96b56d3488813679.json,html,detectado
1001,NA,https://cifras.conicet.gov.ar/archivos-grafico/da165bbc62ba067972c96f2894f6b7a0.json,html,detectado
1002,NA,https://cifras.conicet.gov.ar/archivos-grafico/822a92f2eb25213843d5bf5d7cb67bf6.json,html,detectado
1003,NA,https://cifras.conicet.gov.ar/archivos-grafico/480512a2d2b019d3bf0f08defcde4090-Mapa.json,html,detectado
1004,NA,https://cifras.conicet.gov.ar/archivos-grafico/9f085037e1a0538a7bc33becbf4710e2.json,html,detectado
1005,NA,https://cifras.conicet.gov.ar/archivos-grafico/47291b58c28d15d149f57e7d7d951817-Bar.json,html,detectado
1006,NA,https://cifras.conicet.gov.ar/archivos-grafico/6646b4313446a60a9da6d237b98149b5.json,html,detectado
1007,NA,https://cifras.conicet.gov.ar/archivos-grafico/c09cae67f78cb84ed10618809d08384c.json,html,detectado
1008,NA,https://cifras.conicet.gov.ar/archivos-grafico/91dc67a2981eb363cc909c8af2eba723.json,html,detectado
1009,NA,https://cifras.conicet.gov.ar/archivos-grafico/be94b3ab174dee09cfc8a6b0c7b5430c.json,html,detectado
1010,NA,https://cifras.conicet.gov.ar/archivos-grafico/dc8aeaf27b42860aafcb33837251bbfc.json,html,detectado
1011,NA,https://cifras.conicet.gov.ar/archivos-grafico/4448298aab65e26258e95b5cab7ca2d3.json,html,detectado
1012,NA,https://cifras.conicet.gov.ar/archivos-grafico/4941bca6a92ba1a9f5519f74396364ea.json,html,detectado
1013,NA,https://cifras.conicet.gov.ar/archivos-grafico/a8c242f4398c298d98f3c737128307b2.json,html,detectado
1014,NA,https://cifras.conicet.gov.ar/archivos-grafico/52699061984b2b20b951ba97f1d43957.json,html,detectado
1015,NA,https://cifras.conicet.gov.ar/archivos-grafico/ac91deb10f762a7e947d6b0623ffdac6-Pie.json,html,detectado
1017,NA,https://cifras.conicet.gov.ar/archivos-grafico/765fd1d53843d2c0c08328f6b4ef65c7.json,html,detectado
1018,NA,https://cifras.conicet.gov.ar/archivos-grafico/327c8dad3e8b9ff3829249688c7d800f-Pie.json,html,detectado
1019,NA,https://cifras.conicet.gov.ar/archivos-grafico/ddad21f0c1b8b4a49e768b4404c63bf3-ZoomableCircle.json,html,detectado
1020,NA,https://cifras.conicet.gov.ar/archivos-grafico/3e06bd4d5382fa429d6676e64ae8f20a.json,html,detectado
1021,NA,https://cifras.conicet.gov.ar/archivos-grafico/7ede0fee0422bc0d532f3cb570eb85ef.json,html,detectado
1022,NA,https://cifras.conicet.gov.ar/archivos-grafico/de02fbf265ee7f60e9d7d0983e25d8bb-ZoomableCircle.json,html,detectado
1023,NA,https://cifras.conicet.gov.ar/archivos-grafico/165476c1424a74b509857d39c1ac4067.json,html,detectado
1024,NA,https://cifras.conicet.gov.ar/archivos-grafico/1a38d9591a8a7a42c08cc4df7e832181-Mapa.json,html,detectado
1025,NA,https://cifras.conicet.gov.ar/archivos-grafico/6e1cf4998b5e24588229283af6e7622c.json,html,detectado
1026,NA,https://cifras.conicet.gov.ar/archivos-grafico/6422bba03fc9a664d34a42cf2f572907.json,html,detectado
1027,NA,https://cifras.conicet.gov.ar/archivos-grafico/3fbfb5ed16ef601a39d341f4da4a1878.json,html,detectado
1029,NA,https://cifras.conicet.gov.ar/archivos-grafico/c7a39b5d2eeeea294d8ac7c80a60c6b1.json,html,detectado
1031,NA,https://cifras.conicet.gov.ar/archivos-grafico/98d240d43301a2e3a54ee2102585b1c7.json,html,detectado
1032,NA,https://cifras.conicet.gov.ar/archivos-grafico/f8dfd9946908f56bad1577b3707bfb25-ZoomableSunburst.json,html,detectado
1035,NA,https://cifras.conicet.gov.ar/archivos-grafico/cada455dd94c0b89a7db3b0de1e2a4ec-ZoomableSunburst.json,html,detectado
1036,NA,https://cifras.conicet.gov.ar/archivos-grafico/9b8796d979ff9906f2258f6513d8c441.json,html,detectado
1038,NA,https://cifras.conicet.gov.ar/archivos-grafico/2d7f9fdb0242a9e623dfa52ef133957d-Mapa.json,html,detectado
1039,NA,https://cifras.conicet.gov.ar/archivos-grafico/12bc64b72887c9c109c2c814ed1fb45c-Pie.json,html,detectado
1040,NA,https://cifras.conicet.gov.ar/archivos-grafico/2a9de92322b1f8159378bdad9bc019a8-Pie.json,html,detectado
1041,NA,https://cifras.conicet.gov.ar/archivos-grafico/49a115140d01b01fe5f52ab4463cbeae-Line.json,html,detectado
1042,NA,https://cifras.conicet.gov.ar/archivos-grafico/d921c1973d44944b4209098261b06761-Pie.json,html,detectado
1043,NA,https://cifras.conicet.gov.ar/archivos-grafico/f4f04fc46207b0c55b8fb4dab22868f6.json,html,detectado
1044,NA,https://cifras.conicet.gov.ar/archivos-grafico/b1e42527586b5c9d27ef4f4e878220b0.json,html,detectado
1048,NA,https://cifras.conicet.gov.ar/archivos-grafico/c8214b706a98e4a13e1b4a13e74d7ae7-Pie.json,html,detectado
1049,NA,https://cifras.conicet.gov.ar/archivos-grafico/43e297575215afdf7fd36e07becbf040-ColumnSimple.json,html,detectado
1050,NA,https://cifras.conicet.gov.ar/archivos-grafico/b627c0281af0594b896ba54e5be57bbb-Mapa.json,html,detectado
1051,NA,https://cifras.conicet.gov.ar/archivos-grafico/a5ecd1acf72fb41156bb11bb83768a92-Mapa.json,html,detectado
1052,NA,https://cifras.conicet.gov.ar/archivos-grafico/7b9018056c770eb6fe8fa458cdb4fe50-Pie.json,html,detectado
1053,NA,https://cifras.conicet.gov.ar/archivos-grafico/a9ea2c2fabcd12188354d6d99c23ea9a-Mapa.json,html,detectado
1054,NA,https://cifras.conicet.gov.ar/archivos-grafico/fd6689e80bf6173fda8fc5a22fb294a1-Mapa.json,html,detectado
1055,NA,https://cifras.conicet.gov.ar/archivos-grafico/71bc8caab40866b96bdd3d58fb1894d9-Pie.json,html,detectado
1056,NA,https://cifras.conicet.gov.ar/archivos-grafico/5b2f17bdce03fe22889c8b44671bd625-Mapa.json,html,detectado
1057,NA,https://cifras.conicet.gov.ar/archivos-grafico/78ab7714ac3a99cdf7ea6afc5538ffd0-Pie.json,html,detectado
1058,NA,https://cifras.conicet.gov.ar/archivos-grafico/ea394a00c7c94e6e0e4d2f529a6b0bb6-ColumnSimple.json,html,detectado
1059,NA,https://cifras.conicet.gov.ar/archivos-grafico/94b5eff1d1627ddb131177c39fb43a5b-Bar.json,html,detectado
1060,NA,https://cifras.conicet.gov.ar/archivos-grafico/d7d20545aacf7fca018bc7c3de5190cd-ColumnSimple.json,html,detectado
1061,NA,https://cifras.conicet.gov.ar/archivos-grafico/8295569918ce8ef76384324f90bc1c70.json,html,detectado
1062,NA,https://cifras.conicet.gov.ar/archivos-grafico/7367683bdf197812438892288dd0dd87.json,html,detectado
1063,NA,https://cifras.conicet.gov.ar/archivos-grafico/86e68f4d467d3ae1e636e320c17ea09a.json,html,detectado
1064,NA,https://cifras.conicet.gov.ar/archivos-grafico/a3c6aaaf310dab55fdb3755e5af03fb3.json,html,detectado
1065,NA,https://cifras.conicet.gov.ar/archivos-grafico/f6a3f79c97727d801fff37919de2bcba.json,html,detectado
1066,NA,https://cifras.conicet.gov.ar/archivos-grafico/ce5ee24f51636e9c920488ee4a422fd3.json,html,detectado
1067,NA,https://cifras.conicet.gov.ar/archivos-grafico/67c07de913aafdf059f5948acf5a115d.json,html,detectado
1068,NA,https://cifras.conicet.gov.ar/archivos-grafico/a75202fa5f920c092a5f5f027b01b562.json,html,detectado
1069,NA,https://cifras.conicet.gov.ar/archivos-grafico/47799b525dd87a8c9830372deaa9c076.json,html,detectado
1070,NA,https://cifras.conicet.gov.ar/archivos-grafico/0f3eabbc3f08badd3df740df0cc87fdb-Mapa.json,html,detectado
1071,NA,https://cifras.conicet.gov.ar/archivos-grafico/fc817eb35bdb6e2e37a622fe44b4715e.json,html,detectado
1072,NA,https://cifras.conicet.gov.ar/archivos-grafico/0d6d06f716d822230c31d3d67a9b867b.json,html,detectado
1073,NA,https://cifras.conicet.gov.ar/archivos-grafico/b150c42776f16605ce85c7ce2268c090.json,html,detectado
1074,NA,https://cifras.conicet.gov.ar/archivos-grafico/b1f6e4ea5c34300a3f50f91bc881dd62.json,html,detectado
1075,NA,https://cifras.conicet.gov.ar/archivos-grafico/3e76dad9cbc5eca6351956b241a85e60.json,html,detectado
1076,NA,https://cifras.conicet.gov.ar/archivos-grafico/e696c42e2f917c7944916963aa34ada1.json,html,detectado
1077,NA,https://cifras.conicet.gov.ar/archivos-grafico/8aaf0d5825e3e0e347d0773d5e46cff6.json,html,detectado
1080,NA,https://cifras.conicet.gov.ar/archivos-grafico/13326446893d0b970c76f2b7593951a6.json,html,detectado
1081,NA,https://cifras.conicet.gov.ar/archivos-grafico/b807c6ad7936f4e1c6804530a39393a9.json,html,detectado
1082,NA,https://cifras.conicet.gov.ar/archivos-grafico/ba05de30af92a698de2a537eeb845c5a-Bar.json,html,detectado
1083,NA,https://cifras.conicet.gov.ar/archivos-grafico/e638ad45078f2f6490b2fe87ababda34-Bar.json,html,detectado
1084,NA,https://cifras.conicet.gov.ar/archivos-grafico/2c081ffc07bc7c47796159464df74a10-Bar.json,html,detectado
1085,NA,https://cifras.conicet.gov.ar/archivos-grafico/e9ffab7678978b1d44aae53e391fbd56-Bar.json,html,detectado
1087,NA,https://cifras.conicet.gov.ar/archivos-grafico/75459105bbe862e884dc3fe9fd2fcd01.json,html,detectado
1088,NA,https://cifras.conicet.gov.ar/archivos-grafico/3204a55a9d3f616264622ef143e4edbc.json,html,detectado
1089,NA,https://cifras.conicet.gov.ar/archivos-grafico/095875a9bfe7a04c7216120f8aa9203d.json,html,detectado
1091,NA,https://cifras.conicet.gov.ar/archivos-grafico/37e9c78329d4bbbfe6a8d751aea5c52a-Line.json,html,detectado
1092,NA,https://cifras.conicet.gov.ar/archivos-grafico/7d51343fad2f48d774c73ec18b2faa16-Line.json,html,detectado
1093,NA,https://cifras.conicet.gov.ar/archivos-grafico/cbc2f44b3d609b285a90953262b68109-Line.json,html,detectado
1094,NA,https://cifras.conicet.gov.ar/archivos-grafico/a5388b6e7eeb8ee4a5cd10de390264fc-Line.json,html,detectado
1095,NA,https://cifras.conicet.gov.ar/archivos-grafico/0c4d508696e29da61e1d2c35bfb3a470-Line.json,html,detectado
1096,NA,https://cifras.conicet.gov.ar/archivos-grafico/d167bc3e6c8876f62c257ab65f6727d3-Mapa.json,html,detectado
1097,NA,https://cifras.conicet.gov.ar/archivos-grafico/7f537d42f498048dd04c48b0582af94b-Mapa.json,html,detectado
1098,NA,https://cifras.conicet.gov.ar/archivos-grafico/ba3ed4ec04d11550d960d58821be6eda-Mapa.json,html,detectado
1099,NA,https://cifras.conicet.gov.ar/archivos-grafico/8b9980b3859557d007d1ffaee4ebdcb3-Mapa.json,html,detectado
1100,NA,https://cifras.conicet.gov.ar/archivos-grafico/7b507c1b75c712404b5d29d855877363-Mapa.json,html,detectado
1101,NA,https://cifras.conicet.gov.ar/archivos-grafico/cb09c744cba7cf60fc775a5833b630e2-Mapa.json,html,detectado
1102,NA,https://cifras.conicet.gov.ar/archivos-grafico/effe85ce41f43ee22d6257c50b88e58d-Mapa.json,html,detectado
1103,NA,https://cifras.conicet.gov.ar/archivos-grafico/d0eb2d10e286fc230243e657746ada8d-Mapa.json,html,detectado
1104,NA,https://cifras.conicet.gov.ar/archivos-grafico/ae2e776542f969e83e6df6c4a307a4a1-Mapa.json,html,detectado
1105,NA,https://cifras.conicet.gov.ar/archivos-grafico/a11ae769849b75cc9df4608f7d1697b0-Mapa.json,html,detectado
1106,NA,https://cifras.conicet.gov.ar/archivos-grafico/66f6fc95acd020252b820af563e68bfe-Mapa.json,html,detectado
1107,NA,https://cifras.conicet.gov.ar/archivos-grafico/28725b4eab3e8ea7863d55a03ec0a824-Mapa.json,html,detectado
1108,NA,https://cifras.conicet.gov.ar/archivos-grafico/2bbba13305b132bf51ae76c1a6f0d6e2-Mapa.json,html,detectado
1109,NA,https://cifras.conicet.gov.ar/archivos-grafico/25f09f131184a5ce7b547efdd01cb947-Mapa.json,html,detectado
1110,NA,https://cifras.conicet.gov.ar/archivos-grafico/78b083908b678afaf01c407de9f2c1c3-Mapa.json,html,detectado
1111,NA,https://cifras.conicet.gov.ar/archivos-grafico/073d8eafd14138d897266b399241333a-Mapa.json,html,detectado
1112,NA,https://cifras.conicet.gov.ar/archivos-grafico/c592e3dc74891686c049f48601eb13b3-Mapa.json,html,detectado
1113,NA,https://cifras.conicet.gov.ar/archivos-grafico/360cfb0e938692b08d7616d7cc0d6168-Mapa.json,html,detectado
1114,NA,https://cifras.conicet.gov.ar/archivos-grafico/ee02d9226c66c0821d15b80df37f093e-Mapa.json,html,detectado
1115,NA,https://cifras.conicet.gov.ar/archivos-grafico/c00fef616d369686e7196d8371268b16-Mapa.json,html,detectado
1116,NA,https://cifras.conicet.gov.ar/archivos-grafico/a4ab945d530cf0435fabc401ba7c7aeb-Mapa.json,html,detectado
1117,NA,https://cifras.conicet.gov.ar/archivos-grafico/c1b357f719513935573d8f18a1a3df24-Mapa.json,html,detectado
1118,NA,https://cifras.conicet.gov.ar/archivos-grafico/7eebcc619443af7c24328b468f801872-Mapa.json,html,detectado
1119,NA,https://cifras.conicet.gov.ar/archivos-grafico/3ce43bdb38252ad12ec386594ad262fd-Mapa.json,html,detectado
1120,NA,https://cifras.conicet.gov.ar/archivos-grafico/31a5bf99f23a994d89c84af07c69e912-Mapa.json,html,detectado
1121,NA,https://cifras.conicet.gov.ar/archivos-grafico/51f1ad8dbd84eea71edb0cf791fa01d5.json,html,detectado
1122,NA,https://cifras.conicet.gov.ar/archivos-grafico/93b36eb44270492cd22361d164628ea2-Bar.json,html,detectado
1123,NA,https://cifras.conicet.gov.ar/archivos-grafico/723b497d39a3f48257d9f1f096583d21-Bar.json,html,detectado
1124,NA,https://cifras.conicet.gov.ar/archivos-grafico/40516c97b2d0f47f22c71a00c5226f29-Bar.json,html,detectado
1125,NA,https://cifras.conicet.gov.ar/archivos-grafico/98a2e9988fa6592f43419694d4154c11-Bar.json,html,detectado
1126,NA,https://cifras.conicet.gov.ar/archivos-grafico/01992a352548aa6a4352e673aa19a6a7-Bar.json,html,detectado
1127,NA,https://cifras.conicet.gov.ar/archivos-grafico/616738bc1243989174cab41fbce96881-Bar.json,html,detectado
1128,NA,https://cifras.conicet.gov.ar/archivos-grafico/1344393b2c0bc06b6d6dca1eb95f3fd8-Bar.json,html,detectado
1129,NA,https://cifras.conicet.gov.ar/archivos-grafico/e21312b33785f0b151db1c780a12feb0-Bar.json,html,detectado
1130,NA,https://cifras.conicet.gov.ar/archivos-grafico/393c8ae038b9ef0bf3c8b3b03bbf700d-Bar.json,html,detectado
1131,NA,https://cifras.conicet.gov.ar/archivos-grafico/3bfe19c2dadcad077a8af68e498a66d1.json,html,detectado
1132,NA,https://cifras.conicet.gov.ar/archivos-grafico/737b1cc85c250004382ba7ce18bb7e71-Bar.json,html,detectado
1133,NA,https://cifras.conicet.gov.ar/archivos-grafico/8f43d13afd19a94286733d7e04952e9f-Bar.json,html,detectado
1134,NA,https://cifras.conicet.gov.ar/archivos-grafico/b9b63aa4e930558995bc9881e99a91c3.json,html,detectado
1135,NA,https://cifras.conicet.gov.ar/archivos-grafico/a009e6b1500c1db8424d7b5a6530b9f2-Bar.json,html,detectado
1142,NA,https://cifras.conicet.gov.ar/archivos-grafico/4553f3205ebec25bf42e33419867f6db-Column.json,html,detectado
1144,NA,https://cifras.conicet.gov.ar/archivos-grafico/35dd82f2d600fb395d5162ff984be0f3-Pie.json,html,detectado
1145,NA,https://cifras.conicet.gov.ar/archivos-grafico/d3cce64728ded6abe2c3be0d61a19ebd-ZoomableSunburst.json,html,detectado
1146,NA,https://cifras.conicet.gov.ar/archivos-grafico/2bc42dd32cc5439abb1bfa9ec8dafada.json,html,detectado
1147,NA,https://cifras.conicet.gov.ar/archivos-grafico/002c314c70143feaef6af1447000d285-Mapa.json,html,detectado
1149,NA,https://cifras.conicet.gov.ar/archivos-grafico/926e286a96a0f7b2b460db434c8d48a7-Pie.json,html,detectado
1150,NA,https://cifras.conicet.gov.ar/archivos-grafico/39c55e14f6e054894c3f893babffddda.json,html,detectado
1151,NA,https://cifras.conicet.gov.ar/archivos-grafico/a777c2d8fffc84827bbfefaef60030bd-Bar.json,html,detectado
1152,NA,https://cifras.conicet.gov.ar/archivos-grafico/740d830a19106caa9fe942057681516b.json,html,detectado
1153,NA,https://cifras.conicet.gov.ar/archivos-grafico/50ac75705d35931fbdda1bf11094ed14-ZoomableCircle.json,html,detectado
1154,NA,https://cifras.conicet.gov.ar/archivos-grafico/8d2979ea3bd79418c358bb1587badc45-Mapa.json,html,detectado
1155,NA,https://cifras.conicet.gov.ar/archivos-grafico/ca9eb3183961e2f30e8d90e4989ef487.json,html,detectado
1156,NA,https://cifras.conicet.gov.ar/archivos-grafico/32f535247d00e6a0f5f5a09ab152a537.json,html,detectado
1157,NA,https://cifras.conicet.gov.ar/archivos-grafico/66fd995572106c1de55e291b2e5c1ea3.json,html,detectado
1160,NA,https://cifras.conicet.gov.ar/archivos-grafico/fdb9bfc1ee0c16ba2c65dce8c035c7d0.json,html,detectado
1161,NA,https://cifras.conicet.gov.ar/archivos-grafico/37fdd99eeb5921e02ea55ee73e075688.json,html,detectado
1162,NA,https://cifras.conicet.gov.ar/archivos-grafico/7f9c0843ff278b60c0601e9230bda4ee.json,html,detectado
1163,NA,https://cifras.conicet.gov.ar/archivos-grafico/b49709dba7ad991eb124596cd2ae7045.json,html,detectado
1165,NA,https://cifras.conicet.gov.ar/archivos-grafico/41984d464539db94966fd184df6d8d22.json,html,detectado
1167,NA,https://cifras.conicet.gov.ar/archivos-grafico/a1154b7df567ac6bf028eeb6026ac038-Mapa.json,html,detectado
1168,NA,https://cifras.conicet.gov.ar/archivos-grafico/d402cafdf7ef5ee358c2be01fec178e1.json,html,detectado
1169,NA,https://cifras.conicet.gov.ar/archivos-grafico/c5ae6e66d9b43a23b6ccb98c2d120efc-Pie.json,html,detectado
1170,NA,https://cifras.conicet.gov.ar/archivos-grafico/591208db612ba59a41d7c76d3476860e.json,html,detectado
1171,NA,https://cifras.conicet.gov.ar/archivos-grafico/65a83f5b96bc92b01bdf97c1214cc24d.json,html,detectado
1172,NA,https://cifras.conicet.gov.ar/archivos-grafico/e9d7f8e43058ee88d8ecc97d8ac99d19.json,html,detectado
1173,NA,https://cifras.conicet.gov.ar/archivos-grafico/ebab258f0bdc0a039457f7a208502ede.json,html,detectado
1174,NA,https://cifras.conicet.gov.ar/archivos-grafico/497a69bf8816bd19ac53e46f05b8dab2.json,html,detectado
1175,NA,https://cifras.conicet.gov.ar/archivos-grafico/db50ec6a6ce0298e18baac4b866ef5e2.json,html,detectado
1176,NA,https://cifras.conicet.gov.ar/archivos-grafico/d549488534f9a4777ed85740f8d0f26b-Pie.json,html,detectado
1177,NA,https://cifras.conicet.gov.ar/archivos-grafico/6b21e1fe33f5f5e64c1791a8d8eb373e-ZoomableCircle.json,html,detectado
1178,NA,https://cifras.conicet.gov.ar/archivos-grafico/d66e75ced61c9fba31e1e12ae3fb2586.json,html,detectado
1179,NA,https://cifras.conicet.gov.ar/archivos-grafico/30adf522c31436b9d6ee7e03863c31e0-ZoomableCircle.json,html,detectado
1180,NA,https://cifras.conicet.gov.ar/archivos-grafico/f495ca2bb47508e10bf7940e292d10e9-Mapa.json,html,detectado
1181,NA,https://cifras.conicet.gov.ar/archivos-grafico/4bc6923bca61b5bd28003d2664fa086e-Bar.json,html,detectado
1182,NA,https://cifras.conicet.gov.ar/archivos-grafico/5ad7120afacdfcc87248043faff19e3e.json,html,detectado
1183,NA,https://cifras.conicet.gov.ar/archivos-grafico/407f25a657a0caaacaca2db36104c3b7-Pie.json,html,detectado
1185,NA,https://cifras.conicet.gov.ar/archivos-grafico/5a43bd86bd68575c7ad4cc2adb35a778-ZoomableSunburst.json,html,detectado
1186,NA,https://cifras.conicet.gov.ar/archivos-grafico/cb1bd716bcb3073d0a6aa0032c7e2c50-ZoomableSunburst.json,html,detectado
1187,NA,https://cifras.conicet.gov.ar/archivos-grafico/8e443ff9b174e10235d78df8c2d7dc22-Pie.json,html,detectado
1188,NA,https://cifras.conicet.gov.ar/archivos-grafico/dcd77009b4d0f96c97acf25cfd40050e-Pie.json,html,detectado
1191,NA,https://cifras.conicet.gov.ar/archivos-grafico/e60c7a64a90e41bf8e5f2156e0b2c870-ZoomableSunburst.json,html,detectado
40,2017,https://cifras.conicet.gov.ar/archivos-grafico/42995882351b572b66855ec8afd54d73.json,carga_inicial,detectado
40,2018,https://cifras.conicet.gov.ar/archivos-grafico/cd571e8ba7d67792d5bd4b4bff761f50-Mapa.json,clic,detectado
40,2019,https://cifras.conicet.gov.ar/archivos-grafico/456c2d1be7b7bfca3376361ae2f6cb22.json,clic,detectado
40,2020,https://cifras.conicet.gov.ar/archivos-grafico/3ac8c7d11a32ea56b35fd086f6c20fb2.json,clic,detectado
40,2021,https://cifras.conicet.gov.ar/archivos-grafico/3212b461abf4b0ca235f19178b1cc1d3.json,clic,detectado
40,2022,https://cifras.conicet.gov.ar/archivos-grafico/31c18a8e4bc1f97de300e9c74065118e.json,clic,detectado
40,2023,https://cifras.conicet.gov.ar/archivos-grafico/804620330edfdeb582a75bfc6d3ee979.json,clic,detectado
40,2024,https://cifras.conicet.gov.ar/archivos-grafico/ee09e1b196491034187cf60cbce66561.json,clic,detectado
40,2025,https://cifras.conicet.gov.ar/archivos-grafico/2d7f9fdb0242a9e623dfa52ef133957d-Mapa.json,clic,detectado
41,2017,https://cifras.conicet.gov.ar/archivos-grafico/f2ac9da1f7c885a8a8bdb1092899ca50.json,carga_inicial,detectado
41,2018,https://cifras.conicet.gov.ar/archivos-grafico/2f4c6d5737728ca61cec43f5bdcb5b8f-Pie.json,clic,detectado
41,2019,https://cifras.conicet.gov.ar/archivos-grafico/8e3232bf715fc1a7c8b834d560c30d4e.json,clic,detectado
41,2020,https://cifras.conicet.gov.ar/archivos-grafico/3cd9dd6fe646ae679faf9827c65efc77.json,clic,detectado
41,2021,https://cifras.conicet.gov.ar/archivos-grafico/f8c5db7f2f5f4b64cce76af1ef2561cf.json,clic,detectado
41,2022,https://cifras.conicet.gov.ar/archivos-grafico/0680a9951b2737c2916e6f6ac0055042-Pie.json,clic,detectado
41,2023,https://cifras.conicet.gov.ar/archivos-grafico/69f7e65b00d115522ec03a9bba52e3c6.json,clic,detectado
41,2024,https://cifras.conicet.gov.ar/archivos-grafico/39ef6575ba50ca1de23727d24dda3124.json,clic,detectado
41,2025,https://cifras.conicet.gov.ar/archivos-grafico/12bc64b72887c9c109c2c814ed1fb45c-Pie.json,clic,detectado
106,2016,https://cifras.conicet.gov.ar/archivos-grafico/eb42fd6728ff4d9b0eb9885ba27184eb.json,carga_inicial,detectado
106,2017,https://cifras.conicet.gov.ar/archivos-grafico/63165eb60b424b605f0ea51b62bfae49-Pie.json,clic,detectado
106,2018,https://cifras.conicet.gov.ar/archivos-grafico/d03debf80bfd166dd8261075578c1084.json,clic,detectado
106,2019,https://cifras.conicet.gov.ar/archivos-grafico/89c790f3438aeecf9425fbdcfed2be06.json,clic,detectado
106,2020,https://cifras.conicet.gov.ar/archivos-grafico/4cb43b01e1b166e57d93bff339278d1d.json,clic,detectado
106,2021,https://cifras.conicet.gov.ar/archivos-grafico/40452c3e1f217e61f553938cd50e1e7e-Pie.json,clic,detectado
106,2022,https://cifras.conicet.gov.ar/archivos-grafico/fba53619cb115fc627964aadd35e4dfb-Pie.json,clic,detectado
106,2023,https://cifras.conicet.gov.ar/archivos-grafico/7f343c3ece60ca2e5414bd63ce19ef07-Pie.json,clic,detectado
106,2024,https://cifras.conicet.gov.ar/archivos-grafico/63117d9a94399d37b862ee114ed254e7.json,clic,detectado
106,2025,https://cifras.conicet.gov.ar/archivos-grafico/9b8796d979ff9906f2258f6513d8c441.json,clic,detectado
289,2018,https://cifras.conicet.gov.ar/archivos-grafico/8d10a75f41ec5b9bd385564b11489e71-Mapa.json,carga_inicial,detectado
289,2017,https://cifras.conicet.gov.ar/archivos-grafico/d86fa8cd5684660ba6a3741ce9aedf20-Mapa.json,clic,detectado
289,2019,https://cifras.conicet.gov.ar/archivos-grafico/8da8b75ba1eeec1ab8a57d8b68ddab8f.json,clic,detectado
289,2020,https://cifras.conicet.gov.ar/archivos-grafico/293304de838446a8e383093bece606c5.json,clic,detectado
289,2021,https://cifras.conicet.gov.ar/archivos-grafico/ed32902a6eb51eec95282ba72b9e7720.json,clic,detectado
289,2022,https://cifras.conicet.gov.ar/archivos-grafico/8e9961d9655a991f74c6efca14f1be02.json,clic,detectado
289,2023,https://cifras.conicet.gov.ar/archivos-grafico/c71180773bc911cb303f1fe7d384a046.json,clic,detectado
289,2024,https://cifras.conicet.gov.ar/archivos-grafico/43b24e0e7dcf947c63b8956b2d8bbcfd-Mapa.json,clic,detectado
289,2025,https://cifras.conicet.gov.ar/archivos-grafico/b1e42527586b5c9d27ef4f4e878220b0.json,clic,detectado
290,2018,https://cifras.conicet.gov.ar/archivos-grafico/502a34aed26f8c00519c1356f15a048d.json,carga_inicial,detectado
290,2017,https://cifras.conicet.gov.ar/archivos-grafico/80f977387b524d08009d5b18595ca13d.json,clic,detectado
290,2019,https://cifras.conicet.gov.ar/archivos-grafico/de612c42561c3824f59bfff8cccc7332.json,clic,detectado
290,2020,https://cifras.conicet.gov.ar/archivos-grafico/7a89c43e9d9cf697a9f51769e060c241-Pie.json,clic,detectado
290,2021,https://cifras.conicet.gov.ar/archivos-grafico/d4ab28e5ebbb8ba6baf2e5c088f7ae30.json,clic,detectado
290,2022,https://cifras.conicet.gov.ar/archivos-grafico/26ae1d94eecdb449bc380a742690e0fd.json,clic,detectado
290,2023,https://cifras.conicet.gov.ar/archivos-grafico/51e3ebe1592b36c2eb26511ba074348b.json,clic,detectado
290,2024,https://cifras.conicet.gov.ar/archivos-grafico/ca6d1d9ac759c4e560f5b96a1c44ead1-Pie.json,clic,detectado
290,2025,https://cifras.conicet.gov.ar/archivos-grafico/d921c1973d44944b4209098261b06761-Pie.json,clic,detectado
293,2018,https://cifras.conicet.gov.ar/archivos-grafico/c757d35ed4c555378b0d0dd116665c67.json,carga_inicial,detectado
293,2017,https://cifras.conicet.gov.ar/archivos-grafico/f7d185a3673bf85b1c1eb7295f07fda5-Bar.json,clic,detectado
293,2019,https://cifras.conicet.gov.ar/archivos-grafico/d0fbb76b3f1a3f5413641116882fb0af.json,clic,detectado
293,2020,https://cifras.conicet.gov.ar/archivos-grafico/3b5c88da19022b921d8a6166df2f2cf9.json,clic,detectado
293,2021,https://cifras.conicet.gov.ar/archivos-grafico/f78aeee736400df8411c63138b485ff6.json,clic,detectado
293,2022,https://cifras.conicet.gov.ar/archivos-grafico/a9cc9b06cc6fdf0bb7613c7215cf1fe1.json,clic,detectado
293,2023,https://cifras.conicet.gov.ar/archivos-grafico/622d2c10a8436e53f97e51f4d1d8a6f2.json,clic,detectado
293,2024,https://cifras.conicet.gov.ar/archivos-grafico/d9c65c789b7ecdcb06f8e96ff18f2c6d.json,clic,detectado
293,2025,https://cifras.conicet.gov.ar/archivos-grafico/f4f04fc46207b0c55b8fb4dab22868f6.json,clic,detectado
294,2018,https://cifras.conicet.gov.ar/archivos-grafico/58f3d4b530ec3e630a42783ebc438b91.json,carga_inicial,detectado
294,2017,https://cifras.conicet.gov.ar/archivos-grafico/ee03e61751acc5076c8d526079f76297-Bar.json,clic,detectado
294,2019,https://cifras.conicet.gov.ar/archivos-grafico/021b5f9aeb9a6a9b5debc620d0854040.json,clic,detectado
294,2021,https://cifras.conicet.gov.ar/archivos-grafico/0ee21d9038cdaf315475f0d8bb4e82c2.json,clic,detectado
294,2022,https://cifras.conicet.gov.ar/archivos-grafico/5f1ee445205597da7c3fdca6d59a59aa.json,clic,detectado
294,2023,https://cifras.conicet.gov.ar/archivos-grafico/dbaf9ae595cb8779344776c47201d894.json,clic,detectado
295,2018,https://cifras.conicet.gov.ar/archivos-grafico/1f6c0f01a56a5f2096f7d1590264c177.json,carga_inicial,detectado
295,2017,https://cifras.conicet.gov.ar/archivos-grafico/85e8801ece02549fd71e884fd74d9dfd.json,clic,detectado
295,2019,https://cifras.conicet.gov.ar/archivos-grafico/52f8afbbb32f27e840f311cffe1eb3b0-Pie.json,clic,detectado
295,2021,https://cifras.conicet.gov.ar/archivos-grafico/61eefb63b4ac1a9536e26f770fcfebf8.json,clic,detectado
295,2022,https://cifras.conicet.gov.ar/archivos-grafico/486676d5d5bcdf7d03757249abd8dfb2.json,clic,detectado
295,2023,https://cifras.conicet.gov.ar/archivos-grafico/af0bc8af8f42f9417da1ea47c37b1f8c.json,clic,detectado
296,2018,https://cifras.conicet.gov.ar/archivos-grafico/42aceb0498bcb7879a2a62175791d592-ColumnSimple.json,carga_inicial,detectado
296,2017,https://cifras.conicet.gov.ar/archivos-grafico/8e3929f276b280b08099bd80e2da8306-ColumnSimple.json,clic,detectado
296,2019,https://cifras.conicet.gov.ar/archivos-grafico/ff23b104e01c53bc0b87f4509a5cfbe7-ColumnSimple.json,clic,detectado
296,2021,https://cifras.conicet.gov.ar/archivos-grafico/195ee58f8657514478192bd38f230a71-ColumnSimple.json,clic,detectado
296,2022,https://cifras.conicet.gov.ar/archivos-grafico/e16fe4692576180ab6e059293f85268c-ColumnSimple.json,clic,detectado
296,2023,https://cifras.conicet.gov.ar/archivos-grafico/0fcf31eb865687e70ecfcce4cf34f4e2-ColumnSimple.json,clic,detectado
297,2018,https://cifras.conicet.gov.ar/archivos-grafico/712c334b01a27d1797659d14616d53b3.json,carga_inicial,detectado
297,2017,https://cifras.conicet.gov.ar/archivos-grafico/03fb0975e8790abbe4f0a392c676b2b1-Mapa.json,clic,detectado
297,2019,https://cifras.conicet.gov.ar/archivos-grafico/b7e6c1bae2745b3fe7425ee255b1d8a8.json,clic,detectado
297,2021,https://cifras.conicet.gov.ar/archivos-grafico/d0797a2495a414aed6879f8d20653ede-Mapa.json,clic,detectado
297,2022,https://cifras.conicet.gov.ar/archivos-grafico/5e4719f7f229c91937042b7e765fe72d.json,clic,detectado
297,2023,https://cifras.conicet.gov.ar/archivos-grafico/0f885b58ca50322fd9fc1b804cb2ea0f.json,clic,detectado
298,2018,https://cifras.conicet.gov.ar/archivos-grafico/3a1741567b31ae427a263ee3bf84a1d8-Mapa.json,carga_inicial,detectado
298,2017,https://cifras.conicet.gov.ar/archivos-grafico/2becc863f8526450d28505126d347694-Mapa.json,clic,detectado
298,2019,https://cifras.conicet.gov.ar/archivos-grafico/3ed3e497b75a706265a34df4ad75d25e.json,clic,detectado
298,2020,https://cifras.conicet.gov.ar/archivos-grafico/20abe37d6f15d9c70f17cd6af3ed8c6b-Mapa.json,clic,detectado
298,2021,https://cifras.conicet.gov.ar/archivos-grafico/123ecfbc2ebd22f36b781cffea3dfdf8.json,clic,detectado
298,2022,https://cifras.conicet.gov.ar/archivos-grafico/d24804392895b477aaba15df4f12f42d.json,clic,detectado
298,2023,https://cifras.conicet.gov.ar/archivos-grafico/10902727cf3c1d403f11c224ba6dcf88.json,clic,detectado
298,2024,https://cifras.conicet.gov.ar/archivos-grafico/6f7684bbd6aaee86978a715e24007935-Mapa.json,clic,detectado
299,2018,https://cifras.conicet.gov.ar/archivos-grafico/021927ec790216411d8135deee9880cb.json,carga_inicial,detectado
299,2017,https://cifras.conicet.gov.ar/archivos-grafico/6d1cb52dda51af2d6456443f5a8f361e.json,clic,detectado
299,2019,https://cifras.conicet.gov.ar/archivos-grafico/de007386c18cdbf3387654260a1e063f.json,clic,detectado
299,2020,https://cifras.conicet.gov.ar/archivos-grafico/19454fcc06697a5b2b4b046fb5bf8448.json,clic,detectado
299,2021,https://cifras.conicet.gov.ar/archivos-grafico/5cd60ce4691a1b109854562dc0d53118.json,clic,detectado
299,2022,https://cifras.conicet.gov.ar/archivos-grafico/476faa9dd4c3c3118bc0419a585fddaa.json,clic,detectado
299,2023,https://cifras.conicet.gov.ar/archivos-grafico/939551798f98bc432b02a3c1331f7efe-Pie.json,clic,detectado
299,2024,https://cifras.conicet.gov.ar/archivos-grafico/9d5fc1f076802c90420275ff0aaf0f97-Pie.json,clic,detectado
330,2018,https://cifras.conicet.gov.ar/archivos-grafico/6d386e70a5e286072ada82ea9ecf520b.json,carga_inicial,detectado
330,2017,https://cifras.conicet.gov.ar/archivos-grafico/f25634ee61e725a9de12b09ed9d8ea32-Pie.json,clic,detectado
330,2019,https://cifras.conicet.gov.ar/archivos-grafico/9db10a97cb2252c0713760fc5f8d50c1-Pie.json,clic,detectado
330,2020,https://cifras.conicet.gov.ar/archivos-grafico/6f160acde839d32de46e560bc20c2e14-Pie.json,clic,detectado
330,2021,https://cifras.conicet.gov.ar/archivos-grafico/49b9c7e1cfa619b26f3a6063e1c68726-Pie.json,clic,detectado
330,2022,https://cifras.conicet.gov.ar/archivos-grafico/5787a183a2ce1d838f39cd9a186d228c-Pie.json,clic,detectado
330,2023,https://cifras.conicet.gov.ar/archivos-grafico/fbee87f6ceeb9c02d80b648f75949bdd.json,clic,detectado
330,2024,https://cifras.conicet.gov.ar/archivos-grafico/6f17dd3221f5d332a769a9a32875269e.json,clic,detectado
330,2025,https://cifras.conicet.gov.ar/archivos-grafico/7b9018056c770eb6fe8fa458cdb4fe50-Pie.json,clic,detectado
332,2018,https://cifras.conicet.gov.ar/archivos-grafico/7cc4e872fd639bec807ecddfc7486fdd.json,carga_inicial,detectado
332,2017,https://cifras.conicet.gov.ar/archivos-grafico/348a7f388da67dbe4e4a8d358d4836bf.json,clic,detectado
332,2019,https://cifras.conicet.gov.ar/archivos-grafico/994f82fb46a6d1b6af152dda4395df2b-Mapa.json,clic,detectado
332,2020,https://cifras.conicet.gov.ar/archivos-grafico/8c4d9417953f8ecb899887b4e3ece5c8.json,clic,detectado
332,2021,https://cifras.conicet.gov.ar/archivos-grafico/b922c94090d6379a3277d94aa2974a2c-Mapa.json,clic,detectado
332,2022,https://cifras.conicet.gov.ar/archivos-grafico/1eb6e8f04618bcbbde886342c96f39cf-Mapa.json,clic,detectado
332,2023,https://cifras.conicet.gov.ar/archivos-grafico/dd28857dc036e2020c7baf40f2d0e13c-Mapa.json,clic,detectado
332,2024,https://cifras.conicet.gov.ar/archivos-grafico/c89e688962661b23bb972455d37ee0e7-Mapa.json,clic,detectado
332,2025,https://cifras.conicet.gov.ar/archivos-grafico/a9ea2c2fabcd12188354d6d99c23ea9a-Mapa.json,clic,detectado
334,2018,https://cifras.conicet.gov.ar/archivos-grafico/7255898c9118d3ab38eddae64cf60219.json,carga_inicial,detectado
334,2017,https://cifras.conicet.gov.ar/archivos-grafico/8f1e1af73387b5d5157a29e965896079-ColumnSimple.json,clic,detectado
334,2019,https://cifras.conicet.gov.ar/archivos-grafico/733b215471d728eaacd49b61639421a4-ColumnSimple.json,clic,detectado
334,2020,https://cifras.conicet.gov.ar/archivos-grafico/17f94f2c1398071c26873862277d36ff.json,clic,detectado
334,2021,https://cifras.conicet.gov.ar/archivos-grafico/97d31bec27c3514197a1136ee9797c0e.json,clic,detectado
334,2022,https://cifras.conicet.gov.ar/archivos-grafico/bdb9d2e2b339723ff58525b072f9a28a-ColumnSimple.json,clic,detectado
334,2023,https://cifras.conicet.gov.ar/archivos-grafico/73eedcf4989a10382a2ff3a378ceff01-ColumnSimple.json,clic,detectado
334,2024,https://cifras.conicet.gov.ar/archivos-grafico/e36b303f882c2c06b30d510387480542-ColumnSimple.json,clic,detectado
334,2025,https://cifras.conicet.gov.ar/archivos-grafico/43e297575215afdf7fd36e07becbf040-ColumnSimple.json,clic,detectado
336,2018,https://cifras.conicet.gov.ar/archivos-grafico/f96019cdb80cf69f2e8e1dd6a4116e6a-Mapa.json,carga_inicial,detectado
336,2017,https://cifras.conicet.gov.ar/archivos-grafico/6b6c51f16aae36b2012a3fc9f21ee95a-Mapa.json,clic,detectado
336,2019,https://cifras.conicet.gov.ar/archivos-grafico/d00854d9a28877406a712aafbb6ad5b8.json,clic,detectado
336,2020,https://cifras.conicet.gov.ar/archivos-grafico/78fff39e68c9dfa1ca1e1603c187b00a-Mapa.json,clic,detectado
336,2021,https://cifras.conicet.gov.ar/archivos-grafico/cbc813680719a55f123bba7b98e5b725-Mapa.json,clic,detectado
336,2022,https://cifras.conicet.gov.ar/archivos-grafico/85e9568f21cd9fea9bd99ff4f9a3061c.json,clic,detectado
336,2023,https://cifras.conicet.gov.ar/archivos-grafico/8a7ee76f1ad9ad96629f8f39fa58407f.json,clic,detectado
336,2024,https://cifras.conicet.gov.ar/archivos-grafico/591fe18187df3057316b6941ff5c1947-Mapa.json,clic,detectado
336,2025,https://cifras.conicet.gov.ar/archivos-grafico/fd6689e80bf6173fda8fc5a22fb294a1-Mapa.json,clic,detectado
338,2018,https://cifras.conicet.gov.ar/archivos-grafico/903b9552bb9df7d5df78e8dbc0767f95.json,carga_inicial,detectado
338,2017,https://cifras.conicet.gov.ar/archivos-grafico/6e25c99a5016b564ec22a8c074351e00-Pie.json,clic,detectado
338,2019,https://cifras.conicet.gov.ar/archivos-grafico/3681e44aa21dc1fc063ce0b231dd96a7-Pie.json,clic,detectado
338,2020,https://cifras.conicet.gov.ar/archivos-grafico/f4badcffd84957629289b0bcb6196cca-Pie.json,clic,detectado
338,2021,https://cifras.conicet.gov.ar/archivos-grafico/8d2f8166addf6d60af7ef734270007fb-Pie.json,clic,detectado
338,2022,https://cifras.conicet.gov.ar/archivos-grafico/1db387828343e3b9d2b96092cc145618-Pie.json,clic,detectado
338,2023,https://cifras.conicet.gov.ar/archivos-grafico/b0de79bfa11c4e5006f4b01ed132dabc-Pie.json,clic,detectado
338,2024,https://cifras.conicet.gov.ar/archivos-grafico/c4c05c2252ef3e66eb4602e80214c5a6-Pie.json,clic,detectado
338,2025,https://cifras.conicet.gov.ar/archivos-grafico/c8214b706a98e4a13e1b4a13e74d7ae7-Pie.json,clic,detectado
340,2018,https://cifras.conicet.gov.ar/archivos-grafico/52fee16d132835f57f1d01d5077e6b85.json,carga_inicial,detectado
340,2017,https://cifras.conicet.gov.ar/archivos-grafico/c1ad5eaebf6347a7fa173108a570dec5-Pie.json,clic,detectado
340,2019,https://cifras.conicet.gov.ar/archivos-grafico/41e031919f87d1cad2a731113c6b559f-Pie.json,clic,detectado
340,2020,https://cifras.conicet.gov.ar/archivos-grafico/e63a59a788f1e8d7773f2391c002cae1-Pie.json,clic,detectado
340,2021,https://cifras.conicet.gov.ar/archivos-grafico/c9eba581da954d056e401994adb48663-Pie.json,clic,detectado
340,2022,https://cifras.conicet.gov.ar/archivos-grafico/72e0ec31229ff0959fe3424703e10aa3.json,clic,detectado
340,2023,https://cifras.conicet.gov.ar/archivos-grafico/3b5239bbc0dbaba48e9df8d7113f77bb-Pie.json,clic,detectado
340,2024,https://cifras.conicet.gov.ar/archivos-grafico/306f3130bb4a574ace8f4da387691fc5-Pie.json,clic,detectado
340,2025,https://cifras.conicet.gov.ar/archivos-grafico/71bc8caab40866b96bdd3d58fb1894d9-Pie.json,clic,detectado
523,2020,https://cifras.conicet.gov.ar/archivos-grafico/2567a90f7ffea78ae43984775af55bb6.json,carga_inicial,detectado
523,2021,https://cifras.conicet.gov.ar/archivos-grafico/67ae81ef6d7e8ad192fc16bafbaa6200-Mapa.json,clic,detectado
523,2022,https://cifras.conicet.gov.ar/archivos-grafico/36616db9a09753a4bfe7594dcd5aae1e-Mapa.json,clic,detectado
523,2023,https://cifras.conicet.gov.ar/archivos-grafico/c59b55746a45e6d1bc318c27645a064a-Mapa.json,clic,detectado
523,2024,https://cifras.conicet.gov.ar/archivos-grafico/7db3115813dd06911e158a6cc420a807-Mapa.json,clic,detectado
523,2025,https://cifras.conicet.gov.ar/archivos-grafico/a5ecd1acf72fb41156bb11bb83768a92-Mapa.json,clic,detectado
524,2020,https://cifras.conicet.gov.ar/archivos-grafico/80da5657fe021fcef1e8b233d87ed518.json,carga_inicial,detectado
524,2021,https://cifras.conicet.gov.ar/archivos-grafico/b3840e7ee8ec70551723f27b1b499fb3-Mapa.json,clic,detectado
524,2022,https://cifras.conicet.gov.ar/archivos-grafico/4ea21018fbf0e8e344230be711715088-Mapa.json,clic,detectado
524,2023,https://cifras.conicet.gov.ar/archivos-grafico/8876cc41e0b84eeb8930b000018d24cf.json,clic,detectado
524,2024,https://cifras.conicet.gov.ar/archivos-grafico/12144720681293ed9372f60a72ac9a81.json,clic,detectado
524,2025,https://cifras.conicet.gov.ar/archivos-grafico/b627c0281af0594b896ba54e5be57bbb-Mapa.json,clic,detectado
609,2016,https://cifras.conicet.gov.ar/archivos-grafico/4ee406189a985afc31fa35d1bc094dbd.json,carga_inicial,detectado
609,2017,https://cifras.conicet.gov.ar/archivos-grafico/16ec452d8c1d1206a92446b74106d9de.json,clic,detectado
609,2018,https://cifras.conicet.gov.ar/archivos-grafico/ccc87843cbe4d7a635c6c06cbe19d96a.json,clic,detectado
609,2019,https://cifras.conicet.gov.ar/archivos-grafico/08708cfd23aed994ad0fdc5b37112d65.json,clic,detectado
609,2020,https://cifras.conicet.gov.ar/archivos-grafico/81cfbc34588e3f540423501152f67a6f-Pie.json,clic,detectado
609,2021,https://cifras.conicet.gov.ar/archivos-grafico/a52827b638ae6e65e44b4f0fc28f48ec-Pie.json,clic,detectado
609,2022,https://cifras.conicet.gov.ar/archivos-grafico/0f0c953de9f0b4752f88b85766e51e6c-Pie.json,clic,detectado
609,2023,https://cifras.conicet.gov.ar/archivos-grafico/ac2f71aa8c6d47d6d2a7c38288e1ea43.json,clic,detectado
609,2024,https://cifras.conicet.gov.ar/archivos-grafico/5eec5010d06acbcb220b9212e075aee7.json,clic,detectado
609,2025,https://cifras.conicet.gov.ar/archivos-grafico/7367683bdf197812438892288dd0dd87.json,clic,detectado
614,2016,https://cifras.conicet.gov.ar/archivos-grafico/65964f8fe882c4f16518ebd960f75bb3.json,carga_inicial,detectado
614,2017,https://cifras.conicet.gov.ar/archivos-grafico/6fd2c9a59a30b152995ee2eebeef8588.json,clic,detectado
614,2018,https://cifras.conicet.gov.ar/archivos-grafico/df1611a2c5a5f725ba0fb45fc7785eb1.json,clic,detectado
614,2019,https://cifras.conicet.gov.ar/archivos-grafico/439480e55ccbdecb13a2905796595eba.json,clic,detectado
614,2020,https://cifras.conicet.gov.ar/archivos-grafico/338e350e6b471c4bef1049550286da18.json,clic,detectado
614,2021,https://cifras.conicet.gov.ar/archivos-grafico/16db84bbe614b5c0ccb4909dd347ed9a-Mapa.json,clic,detectado
614,2022,https://cifras.conicet.gov.ar/archivos-grafico/73a51d9c81baa6da51fe9039d7a0cf30-Mapa.json,clic,detectado
614,2023,https://cifras.conicet.gov.ar/archivos-grafico/c382be04c578137cc049edf6db0510dd-Mapa.json,clic,detectado
614,2024,https://cifras.conicet.gov.ar/archivos-grafico/ef9ce43acf60456cd32d485d339d52f3.json,clic,detectado
614,2025,https://cifras.conicet.gov.ar/archivos-grafico/86e68f4d467d3ae1e636e320c17ea09a.json,clic,detectado
793,2022,https://cifras.conicet.gov.ar/archivos-grafico/5ca9459a21d8dda0a9f1106e13a48e69.json,carga_inicial,detectado
793,2023,https://cifras.conicet.gov.ar/archivos-grafico/1045f05cffa98822b03c1d295d350a2d.json,clic,detectado
794,2022,https://cifras.conicet.gov.ar/archivos-grafico/c8f476fe6248b50840729933b60b144d.json,carga_inicial,detectado
794,2023,https://cifras.conicet.gov.ar/archivos-grafico/7b95ad38780db11309332ecbb190b2b2-Pie.json,clic,detectado
795,2022,https://cifras.conicet.gov.ar/archivos-grafico/9e447ab210b5f3080ca108cc04d676f8.json,carga_inicial,detectado
795,2023,https://cifras.conicet.gov.ar/archivos-grafico/b7cf5c7c830796cdc0162170bc5f7c96-Bar.json,clic,detectado
827,2022,https://cifras.conicet.gov.ar/archivos-grafico/17628bf99be80721d42958b3aef06f22.json,carga_inicial,detectado
827,2023,https://cifras.conicet.gov.ar/archivos-grafico/ac2f0707a9ac62b7c02ee7010fdeeb7b.json,clic,detectado
827,2024,https://cifras.conicet.gov.ar/archivos-grafico/99711dab839806bcb34b52b836ecea2b.json,clic,detectado
827,2025,https://cifras.conicet.gov.ar/archivos-grafico/2a9de92322b1f8159378bdad9bc019a8-Pie.json,clic,detectado
832,2023,https://cifras.conicet.gov.ar/archivos-grafico/22db600c7d92744c6c5ea2c413acc51c.json,carga_inicial,detectado
832,2024,https://cifras.conicet.gov.ar/archivos-grafico/18b2a20c1b6334f0fb09a24cdbce3187.json,clic,detectado
832,2025,https://cifras.conicet.gov.ar/archivos-grafico/94b5eff1d1627ddb131177c39fb43a5b-Bar.json,clic,detectado
833,2023,https://cifras.conicet.gov.ar/archivos-grafico/c9ca4c6e22449ff2107d5f2b7ecf3aff.json,carga_inicial,detectado
833,2024,https://cifras.conicet.gov.ar/archivos-grafico/f7b626502d31edf1a9f93718ffaaba76.json,clic,detectado
833,2025,https://cifras.conicet.gov.ar/archivos-grafico/d7d20545aacf7fca018bc7c3de5190cd-ColumnSimple.json,clic,detectado
854,2023,https://cifras.conicet.gov.ar/archivos-grafico/77f8a8066ee3c12d249a59b905c4ca7e-Pie.json,carga_inicial,detectado
854,2024,https://cifras.conicet.gov.ar/archivos-grafico/afd6273507e4f02aad1fd6a101d0c6bd.json,clic,detectado
854,2025,https://cifras.conicet.gov.ar/archivos-grafico/926e286a96a0f7b2b460db434c8d48a7-Pie.json,clic,detectado
857,2023,https://cifras.conicet.gov.ar/archivos-grafico/5a6fbb3efefe30b014315f06566ec071-Pie.json,carga_inicial,detectado
857,2024,https://cifras.conicet.gov.ar/archivos-grafico/b263274655bf98cc2675c925f6e4d14c.json,clic,detectado
857,2025,https://cifras.conicet.gov.ar/archivos-grafico/35dd82f2d600fb395d5162ff984be0f3-Pie.json,clic,detectado
858,2023,https://cifras.conicet.gov.ar/archivos-grafico/9053d3839a8a6f05922914a1c0514455.json,carga_inicial,detectado
858,2024,https://cifras.conicet.gov.ar/archivos-grafico/e851d32d7696ae6962e25b6178a5db2a.json,clic,detectado
858,2025,https://cifras.conicet.gov.ar/archivos-grafico/d3cce64728ded6abe2c3be0d61a19ebd-ZoomableSunburst.json,clic,detectado
863,2023,https://cifras.conicet.gov.ar/archivos-grafico/8cf93f45b923032194afaa2929caa0c2-Pie.json,carga_inicial,detectado
863,2024,https://cifras.conicet.gov.ar/archivos-grafico/9575d79bcbd8d748b6bf4848635649a9.json,clic,detectado
863,2025,https://cifras.conicet.gov.ar/archivos-grafico/740d830a19106caa9fe942057681516b.json,clic,detectado
865,2023,https://cifras.conicet.gov.ar/archivos-grafico/213da34441a57c144473b72af1c32578.json,carga_inicial,detectado
865,2024,https://cifras.conicet.gov.ar/archivos-grafico/278ab55a836242b3eef5885bf0565439.json,clic,detectado
865,2025,https://cifras.conicet.gov.ar/archivos-grafico/a777c2d8fffc84827bbfefaef60030bd-Bar.json,clic,detectado
868,2023,https://cifras.conicet.gov.ar/archivos-grafico/99af9e2ab533e707458eb79adf31977b-Mapa.json,carga_inicial,detectado
868,2024,https://cifras.conicet.gov.ar/archivos-grafico/aaa26905b7cb94c8bdb2f8590938a652-Mapa.json,clic,detectado
868,2025,https://cifras.conicet.gov.ar/archivos-grafico/002c314c70143feaef6af1447000d285-Mapa.json,clic,detectado
875,2023,https://cifras.conicet.gov.ar/archivos-grafico/3b1ed5a9062374a15834fcdb047349a9-Bar.json,carga_inicial,detectado
875,2024,https://cifras.conicet.gov.ar/archivos-grafico/dd069268958c288581f067371499ec92.json,clic,detectado
875,2025,https://cifras.conicet.gov.ar/archivos-grafico/ca9eb3183961e2f30e8d90e4989ef487.json,clic,detectado
876,2023,https://cifras.conicet.gov.ar/archivos-grafico/0db1aca1a0dccd4aa7a231ca03e40c01-Bar.json,carga_inicial,detectado
876,2024,https://cifras.conicet.gov.ar/archivos-grafico/771bff8e42aa4e73dca6fb7a8cd0105e.json,clic,detectado
876,2025,https://cifras.conicet.gov.ar/archivos-grafico/32f535247d00e6a0f5f5a09ab152a537.json,clic,detectado
880,2023,https://cifras.conicet.gov.ar/archivos-grafico/a51de0f212a51313d222adb251df8e08-ZoomableCircle.json,carga_inicial,detectado
880,2024,https://cifras.conicet.gov.ar/archivos-grafico/7609925f9ae89aba782caec140771181-ZoomableCircle.json,clic,detectado
880,2025,https://cifras.conicet.gov.ar/archivos-grafico/50ac75705d35931fbdda1bf11094ed14-ZoomableCircle.json,clic,detectado
881,2023,https://cifras.conicet.gov.ar/archivos-grafico/ac933c20eacd560a465278fab9ee20e1-Mapa.json,carga_inicial,detectado
881,2024,https://cifras.conicet.gov.ar/archivos-grafico/3d83f88a5858fe43295fba3a992e7024-Mapa.json,clic,detectado
881,2025,https://cifras.conicet.gov.ar/archivos-grafico/8d2979ea3bd79418c358bb1587badc45-Mapa.json,clic,detectado
882,2023,https://cifras.conicet.gov.ar/archivos-grafico/20ec249225ace4d53b47523395ee037a.json,carga_inicial,detectado
882,2024,https://cifras.conicet.gov.ar/archivos-grafico/a2a19e7b9b2d19a7731f7d4738e57964.json,clic,detectado
882,2025,https://cifras.conicet.gov.ar/archivos-grafico/37fdd99eeb5921e02ea55ee73e075688.json,clic,detectado
884,2023,https://cifras.conicet.gov.ar/archivos-grafico/7dbff6a5e032fe92f89e989d2f162e3b-ZoomableSunburst.json,carga_inicial,detectado
884,2024,https://cifras.conicet.gov.ar/archivos-grafico/6f67a7747690186ef4d0e00b677a917d.json,clic,detectado
884,2025,https://cifras.conicet.gov.ar/archivos-grafico/fdb9bfc1ee0c16ba2c65dce8c035c7d0.json,clic,detectado
886,2023,https://cifras.conicet.gov.ar/archivos-grafico/848accd7499af96dcf37d42b4081b12c.json,carga_inicial,detectado
886,2024,https://cifras.conicet.gov.ar/archivos-grafico/fb51b1526ddc2d5e96b56d3488813679.json,clic,detectado
886,2025,https://cifras.conicet.gov.ar/archivos-grafico/7f9c0843ff278b60c0601e9230bda4ee.json,clic,detectado
887,2023,https://cifras.conicet.gov.ar/archivos-grafico/4d6f78ef28493b3b75d91912bd5d444c.json,carga_inicial,detectado
887,2024,https://cifras.conicet.gov.ar/archivos-grafico/765fd1d53843d2c0c08328f6b4ef65c7.json,clic,detectado
887,2025,https://cifras.conicet.gov.ar/archivos-grafico/db50ec6a6ce0298e18baac4b866ef5e2.json,clic,detectado
888,2023,https://cifras.conicet.gov.ar/archivos-grafico/fa3a05429cd0039512704a3354a3cced-Pie.json,carga_inicial,detectado
888,2024,https://cifras.conicet.gov.ar/archivos-grafico/da165bbc62ba067972c96f2894f6b7a0.json,clic,detectado
888,2025,https://cifras.conicet.gov.ar/archivos-grafico/b49709dba7ad991eb124596cd2ae7045.json,clic,detectado
890,2023,https://cifras.conicet.gov.ar/archivos-grafico/f88058e548a895919d5ec2df9f10e53c.json,carga_inicial,detectado
890,2024,https://cifras.conicet.gov.ar/archivos-grafico/327c8dad3e8b9ff3829249688c7d800f-Pie.json,clic,detectado
890,2025,https://cifras.conicet.gov.ar/archivos-grafico/d549488534f9a4777ed85740f8d0f26b-Pie.json,clic,detectado
891,2023,https://cifras.conicet.gov.ar/archivos-grafico/cf516559fe8ccf655279245a65fa3978.json,carga_inicial,detectado
891,2024,https://cifras.conicet.gov.ar/archivos-grafico/822a92f2eb25213843d5bf5d7cb67bf6.json,clic,detectado
891,2025,https://cifras.conicet.gov.ar/archivos-grafico/41984d464539db94966fd184df6d8d22.json,clic,detectado
892,2023,https://cifras.conicet.gov.ar/archivos-grafico/f4de2b0ff982ef4e91d601f72672cd0c-Mapa.json,carga_inicial,detectado
892,2024,https://cifras.conicet.gov.ar/archivos-grafico/480512a2d2b019d3bf0f08defcde4090-Mapa.json,clic,detectado
892,2025,https://cifras.conicet.gov.ar/archivos-grafico/a1154b7df567ac6bf028eeb6026ac038-Mapa.json,clic,detectado
895,2023,https://cifras.conicet.gov.ar/archivos-grafico/03d41257c1c3c70f1b965c15c0905c23-ZoomableSunburst.json,carga_inicial,detectado
895,2024,https://cifras.conicet.gov.ar/archivos-grafico/91dc67a2981eb363cc909c8af2eba723.json,clic,detectado
895,2025,https://cifras.conicet.gov.ar/archivos-grafico/591208db612ba59a41d7c76d3476860e.json,clic,detectado
897,2023,https://cifras.conicet.gov.ar/archivos-grafico/56484a7e4999c96d0bf249cad4afc090.json,carga_inicial,detectado
897,2024,https://cifras.conicet.gov.ar/archivos-grafico/be94b3ab174dee09cfc8a6b0c7b5430c.json,clic,detectado
897,2025,https://cifras.conicet.gov.ar/archivos-grafico/65a83f5b96bc92b01bdf97c1214cc24d.json,clic,detectado
899,2023,https://cifras.conicet.gov.ar/archivos-grafico/c9db6594179dbeef87dc2c1a73017fa2.json,carga_inicial,detectado
899,2024,https://cifras.conicet.gov.ar/archivos-grafico/ddad21f0c1b8b4a49e768b4404c63bf3-ZoomableCircle.json,clic,detectado
899,2025,https://cifras.conicet.gov.ar/archivos-grafico/6b21e1fe33f5f5e64c1791a8d8eb373e-ZoomableCircle.json,clic,detectado
902,2023,https://cifras.conicet.gov.ar/archivos-grafico/374633546f1c926b2212a841cef12f78-ZoomableCircle.json,carga_inicial,detectado
902,2024,https://cifras.conicet.gov.ar/archivos-grafico/de02fbf265ee7f60e9d7d0983e25d8bb-ZoomableCircle.json,clic,detectado
902,2025,https://cifras.conicet.gov.ar/archivos-grafico/30adf522c31436b9d6ee7e03863c31e0-ZoomableCircle.json,clic,detectado
903,2023,https://cifras.conicet.gov.ar/archivos-grafico/590f9cf6fc0e2e2bb373a276467bd477-Mapa.json,carga_inicial,detectado
903,2024,https://cifras.conicet.gov.ar/archivos-grafico/1a38d9591a8a7a42c08cc4df7e832181-Mapa.json,clic,detectado
903,2025,https://cifras.conicet.gov.ar/archivos-grafico/f495ca2bb47508e10bf7940e292d10e9-Mapa.json,clic,detectado
904,2023,https://cifras.conicet.gov.ar/archivos-grafico/45e76c2c44f241e0c5a49556817aa9c3.json,carga_inicial,detectado
904,2024,https://cifras.conicet.gov.ar/archivos-grafico/165476c1424a74b509857d39c1ac4067.json,clic,detectado
904,2025,https://cifras.conicet.gov.ar/archivos-grafico/4bc6923bca61b5bd28003d2664fa086e-Bar.json,clic,detectado
905,2023,https://cifras.conicet.gov.ar/archivos-grafico/a2b65a13f6c6734e25d2d323c07206d8.json,carga_inicial,detectado
905,2024,https://cifras.conicet.gov.ar/archivos-grafico/6e1cf4998b5e24588229283af6e7622c.json,clic,detectado
905,2025,https://cifras.conicet.gov.ar/archivos-grafico/5ad7120afacdfcc87248043faff19e3e.json,clic,detectado
907,2023,https://cifras.conicet.gov.ar/archivos-grafico/20d6abae65fb06cbf5a70291a085d7fb-ZoomableSunburst.json,carga_inicial,detectado
907,2024,https://cifras.conicet.gov.ar/archivos-grafico/f8dfd9946908f56bad1577b3707bfb25-ZoomableSunburst.json,clic,detectado
907,2025,https://cifras.conicet.gov.ar/archivos-grafico/5a43bd86bd68575c7ad4cc2adb35a778-ZoomableSunburst.json,clic,detectado
908,2023,https://cifras.conicet.gov.ar/archivos-grafico/5dd09f1fc4931cf1e4ee30f6d883d905-ZoomableSunburst.json,carga_inicial,detectado
908,2024,https://cifras.conicet.gov.ar/archivos-grafico/c7a39b5d2eeeea294d8ac7c80a60c6b1.json,clic,detectado
908,2025,https://cifras.conicet.gov.ar/archivos-grafico/cb1bd716bcb3073d0a6aa0032c7e2c50-ZoomableSunburst.json,clic,detectado
911,2023,https://cifras.conicet.gov.ar/archivos-grafico/3440b95677c099c3d3ecd8e1a8f45859.json,carga_inicial,detectado
911,2024,https://cifras.conicet.gov.ar/archivos-grafico/aee1e79f6b5c9c22348f850803ba329c.json,clic,detectado
911,2025,https://cifras.conicet.gov.ar/archivos-grafico/39c55e14f6e054894c3f893babffddda.json,clic,detectado
912,2023,https://cifras.conicet.gov.ar/archivos-grafico/b50ceba1097b73abb4cb24697f14c6dd-ZoomableSunburst.json,carga_inicial,detectado
912,2024,https://cifras.conicet.gov.ar/archivos-grafico/cada455dd94c0b89a7db3b0de1e2a4ec-ZoomableSunburst.json,clic,detectado
912,2025,https://cifras.conicet.gov.ar/archivos-grafico/e60c7a64a90e41bf8e5f2156e0b2c870-ZoomableSunburst.json,clic,detectado
929,2023,https://cifras.conicet.gov.ar/archivos-grafico/64384cf461e36a5cc9e09389c4e55298-Pie.json,carga_inicial,detectado
930,2023,https://cifras.conicet.gov.ar/archivos-grafico/449a71f58a61694f172e2cb575bbbb5f-Mapa.json,carga_inicial,detectado
931,2023,https://cifras.conicet.gov.ar/archivos-grafico/e6ae43c8787c15c70f2005bd9259ebcb-Bar.json,carga_inicial,detectado
965,2024,https://cifras.conicet.gov.ar/archivos-grafico/681e20933ce58c6162e2877d455dd154.json,carga_inicial,detectado
965,2023,https://cifras.conicet.gov.ar/archivos-grafico/43f107bf57a716fdafb3044eb254a313-Pie.json,clic,detectado
965,2025,https://cifras.conicet.gov.ar/archivos-grafico/2bc42dd32cc5439abb1bfa9ec8dafada.json,clic,detectado
967,2024,https://cifras.conicet.gov.ar/archivos-grafico/bdd5c3b1b2b86ff14058ded843096194-Pie.json,carga_inicial,detectado
967,2023,https://cifras.conicet.gov.ar/archivos-grafico/0accc34ae39b6633b6163ec52507623d.json,clic,detectado
967,2025,https://cifras.conicet.gov.ar/archivos-grafico/8e443ff9b174e10235d78df8c2d7dc22-Pie.json,clic,detectado
991,2023,https://cifras.conicet.gov.ar/archivos-grafico/8b5a171b173fca3d18124e0b6635003b.json,carga_inicial,detectado
991,2024,https://cifras.conicet.gov.ar/archivos-grafico/152590fae5ae9422c45fb58cb7a1becb.json,clic,detectado
991,2025,https://cifras.conicet.gov.ar/archivos-grafico/66fd995572106c1de55e291b2e5c1ea3.json,clic,detectado
995,2024,https://cifras.conicet.gov.ar/archivos-grafico/a2a838ecdf58e808b9d97c94b0e5947a-Pie.json,carga_inicial,detectado
995,2023,https://cifras.conicet.gov.ar/archivos-grafico/1e3f09176318a76f90a86c97e71a6767.json,clic,detectado
995,2025,https://cifras.conicet.gov.ar/archivos-grafico/dcd77009b4d0f96c97acf25cfd40050e-Pie.json,clic,detectado
1004,2024,https://cifras.conicet.gov.ar/archivos-grafico/9f085037e1a0538a7bc33becbf4710e2.json,carga_inicial,detectado
1004,2023,https://cifras.conicet.gov.ar/archivos-grafico/47291b58c28d15d149f57e7d7d951817-Bar.json,clic,detectado
1004,2025,https://cifras.conicet.gov.ar/archivos-grafico/d402cafdf7ef5ee358c2be01fec178e1.json,clic,detectado
1006,2024,https://cifras.conicet.gov.ar/archivos-grafico/6646b4313446a60a9da6d237b98149b5.json,carga_inicial,detectado
1006,2023,https://cifras.conicet.gov.ar/archivos-grafico/c09cae67f78cb84ed10618809d08384c.json,clic,detectado
1006,2025,https://cifras.conicet.gov.ar/archivos-grafico/c5ae6e66d9b43a23b6ccb98c2d120efc-Pie.json,clic,detectado
1010,2024,https://cifras.conicet.gov.ar/archivos-grafico/dc8aeaf27b42860aafcb33837251bbfc.json,carga_inicial,detectado
1010,2023,https://cifras.conicet.gov.ar/archivos-grafico/4448298aab65e26258e95b5cab7ca2d3.json,clic,detectado
1010,2025,https://cifras.conicet.gov.ar/archivos-grafico/e9d7f8e43058ee88d8ecc97d8ac99d19.json,clic,detectado
1012,2024,https://cifras.conicet.gov.ar/archivos-grafico/4941bca6a92ba1a9f5519f74396364ea.json,carga_inicial,detectado
1012,2023,https://cifras.conicet.gov.ar/archivos-grafico/a8c242f4398c298d98f3c737128307b2.json,clic,detectado
1012,2025,https://cifras.conicet.gov.ar/archivos-grafico/ebab258f0bdc0a039457f7a208502ede.json,clic,detectado
1014,2023,https://cifras.conicet.gov.ar/archivos-grafico/52699061984b2b20b951ba97f1d43957.json,carga_inicial,detectado
1014,2024,https://cifras.conicet.gov.ar/archivos-grafico/ac91deb10f762a7e947d6b0623ffdac6-Pie.json,clic,detectado
1014,2025,https://cifras.conicet.gov.ar/archivos-grafico/497a69bf8816bd19ac53e46f05b8dab2.json,clic,detectado
1020,2024,https://cifras.conicet.gov.ar/archivos-grafico/3e06bd4d5382fa429d6676e64ae8f20a.json,carga_inicial,detectado
1020,2023,https://cifras.conicet.gov.ar/archivos-grafico/7ede0fee0422bc0d532f3cb570eb85ef.json,clic,detectado
1020,2025,https://cifras.conicet.gov.ar/archivos-grafico/d66e75ced61c9fba31e1e12ae3fb2586.json,clic,detectado
1026,2024,https://cifras.conicet.gov.ar/archivos-grafico/6422bba03fc9a664d34a42cf2f572907.json,carga_inicial,detectado
1026,2023,https://cifras.conicet.gov.ar/archivos-grafico/3fbfb5ed16ef601a39d341f4da4a1878.json,clic,detectado
1026,2025,https://cifras.conicet.gov.ar/archivos-grafico/407f25a657a0caaacaca2db36104c3b7-Pie.json,clic,detectado
1031,2024,https://cifras.conicet.gov.ar/archivos-grafico/98d240d43301a2e3a54ee2102585b1c7.json,carga_inicial,detectado
1031,2025,https://cifras.conicet.gov.ar/archivos-grafico/8295569918ce8ef76384324f90bc1c70.json,clic,detectado
1056,2025,https://cifras.conicet.gov.ar/archivos-grafico/5b2f17bdce03fe22889c8b44671bd625-Mapa.json,carga_inicial,detectado
1057,2025,https://cifras.conicet.gov.ar/archivos-grafico/78ab7714ac3a99cdf7ea6afc5538ffd0-Pie.json,carga_inicial,detectado
1058,2025,https://cifras.conicet.gov.ar/archivos-grafico/ea394a00c7c94e6e0e4d2f529a6b0bb6-ColumnSimple.json,carga_inicial,detectado
1064,2021,https://cifras.conicet.gov.ar/archivos-grafico/a3c6aaaf310dab55fdb3755e5af03fb3.json,carga_inicial,detectado
1065,2021,https://cifras.conicet.gov.ar/archivos-grafico/f6a3f79c97727d801fff37919de2bcba.json,carga_inicial,detectado
1065,2022,https://cifras.conicet.gov.ar/archivos-grafico/8b9980b3859557d007d1ffaee4ebdcb3-Mapa.json,clic,detectado
1065,2023,https://cifras.conicet.gov.ar/archivos-grafico/a11ae769849b75cc9df4608f7d1697b0-Mapa.json,clic,detectado
1065,2024,https://cifras.conicet.gov.ar/archivos-grafico/073d8eafd14138d897266b399241333a-Mapa.json,clic,detectado
1065,2025,https://cifras.conicet.gov.ar/archivos-grafico/fc817eb35bdb6e2e37a622fe44b4715e.json,clic,detectado
1066,2021,https://cifras.conicet.gov.ar/archivos-grafico/ce5ee24f51636e9c920488ee4a422fd3.json,carga_inicial,detectado
1066,2022,https://cifras.conicet.gov.ar/archivos-grafico/7b507c1b75c712404b5d29d855877363-Mapa.json,clic,detectado
1066,2023,https://cifras.conicet.gov.ar/archivos-grafico/66f6fc95acd020252b820af563e68bfe-Mapa.json,clic,detectado
1066,2024,https://cifras.conicet.gov.ar/archivos-grafico/c592e3dc74891686c049f48601eb13b3-Mapa.json,clic,detectado
1066,2025,https://cifras.conicet.gov.ar/archivos-grafico/0d6d06f716d822230c31d3d67a9b867b.json,clic,detectado
1067,2021,https://cifras.conicet.gov.ar/archivos-grafico/67c07de913aafdf059f5948acf5a115d.json,carga_inicial,detectado
1067,2022,https://cifras.conicet.gov.ar/archivos-grafico/cb09c744cba7cf60fc775a5833b630e2-Mapa.json,clic,detectado
1067,2023,https://cifras.conicet.gov.ar/archivos-grafico/28725b4eab3e8ea7863d55a03ec0a824-Mapa.json,clic,detectado
1067,2024,https://cifras.conicet.gov.ar/archivos-grafico/360cfb0e938692b08d7616d7cc0d6168-Mapa.json,clic,detectado
1067,2025,https://cifras.conicet.gov.ar/archivos-grafico/b150c42776f16605ce85c7ce2268c090.json,clic,detectado
1068,2021,https://cifras.conicet.gov.ar/archivos-grafico/a75202fa5f920c092a5f5f027b01b562.json,carga_inicial,detectado
1068,2022,https://cifras.conicet.gov.ar/archivos-grafico/effe85ce41f43ee22d6257c50b88e58d-Mapa.json,clic,detectado
1068,2023,https://cifras.conicet.gov.ar/archivos-grafico/2bbba13305b132bf51ae76c1a6f0d6e2-Mapa.json,clic,detectado
1068,2024,https://cifras.conicet.gov.ar/archivos-grafico/ee02d9226c66c0821d15b80df37f093e-Mapa.json,clic,detectado
1068,2025,https://cifras.conicet.gov.ar/archivos-grafico/b1f6e4ea5c34300a3f50f91bc881dd62.json,clic,detectado
1069,2021,https://cifras.conicet.gov.ar/archivos-grafico/47799b525dd87a8c9830372deaa9c076.json,carga_inicial,detectado
1069,2022,https://cifras.conicet.gov.ar/archivos-grafico/d0eb2d10e286fc230243e657746ada8d-Mapa.json,clic,detectado
1069,2023,https://cifras.conicet.gov.ar/archivos-grafico/25f09f131184a5ce7b547efdd01cb947-Mapa.json,clic,detectado
1069,2024,https://cifras.conicet.gov.ar/archivos-grafico/a4ab945d530cf0435fabc401ba7c7aeb-Mapa.json,clic,detectado
1069,2025,https://cifras.conicet.gov.ar/archivos-grafico/3e76dad9cbc5eca6351956b241a85e60.json,clic,detectado
1070,2025,https://cifras.conicet.gov.ar/archivos-grafico/0f3eabbc3f08badd3df740df0cc87fdb-Mapa.json,carga_inicial,detectado
1076,2021,https://cifras.conicet.gov.ar/archivos-grafico/e696c42e2f917c7944916963aa34ada1.json,carga_inicial,detectado
1076,2022,https://cifras.conicet.gov.ar/archivos-grafico/75459105bbe862e884dc3fe9fd2fcd01.json,clic,detectado
1076,2024,https://cifras.conicet.gov.ar/archivos-grafico/3204a55a9d3f616264622ef143e4edbc.json,clic,detectado
1076,2025,https://cifras.conicet.gov.ar/archivos-grafico/8aaf0d5825e3e0e347d0773d5e46cff6.json,clic,detectado
1080,2025,https://cifras.conicet.gov.ar/archivos-grafico/13326446893d0b970c76f2b7593951a6.json,carga_inicial,detectado
1081,2021,https://cifras.conicet.gov.ar/archivos-grafico/b807c6ad7936f4e1c6804530a39393a9.json,carga_inicial,detectado
1081,2022,https://cifras.conicet.gov.ar/archivos-grafico/ba05de30af92a698de2a537eeb845c5a-Bar.json,clic,detectado
1081,2023,https://cifras.conicet.gov.ar/archivos-grafico/e638ad45078f2f6490b2fe87ababda34-Bar.json,clic,detectado
1081,2024,https://cifras.conicet.gov.ar/archivos-grafico/2c081ffc07bc7c47796159464df74a10-Bar.json,clic,detectado
1081,2025,https://cifras.conicet.gov.ar/archivos-grafico/e9ffab7678978b1d44aae53e391fbd56-Bar.json,clic,detectado
1086,2025,NA,clic,sin_json
1089,2025,https://cifras.conicet.gov.ar/archivos-grafico/095875a9bfe7a04c7216120f8aa9203d.json,carga_inicial,detectado
1090,2025,NA,clic,sin_json
1091,2025,https://cifras.conicet.gov.ar/archivos-grafico/37e9c78329d4bbbfe6a8d751aea5c52a-Line.json,carga_inicial,detectado
1092,2025,https://cifras.conicet.gov.ar/archivos-grafico/7d51343fad2f48d774c73ec18b2faa16-Line.json,carga_inicial,detectado
1093,2025,https://cifras.conicet.gov.ar/archivos-grafico/cbc2f44b3d609b285a90953262b68109-Line.json,carga_inicial,detectado
1094,2025,https://cifras.conicet.gov.ar/archivos-grafico/a5388b6e7eeb8ee4a5cd10de390264fc-Line.json,carga_inicial,detectado
1095,2025,https://cifras.conicet.gov.ar/archivos-grafico/0c4d508696e29da61e1d2c35bfb3a470-Line.json,carga_inicial,detectado
1096,2021,https://cifras.conicet.gov.ar/archivos-grafico/d167bc3e6c8876f62c257ab65f6727d3-Mapa.json,carga_inicial,detectado
1096,2022,https://cifras.conicet.gov.ar/archivos-grafico/ba3ed4ec04d11550d960d58821be6eda-Mapa.json,clic,detectado
1096,2023,https://cifras.conicet.gov.ar/archivos-grafico/ae2e776542f969e83e6df6c4a307a4a1-Mapa.json,clic,detectado
1096,2024,https://cifras.conicet.gov.ar/archivos-grafico/78b083908b678afaf01c407de9f2c1c3-Mapa.json,clic,detectado
1115,2024,https://cifras.conicet.gov.ar/archivos-grafico/c00fef616d369686e7196d8371268b16-Mapa.json,carga_inicial,detectado
1115,2021,https://cifras.conicet.gov.ar/archivos-grafico/3ce43bdb38252ad12ec386594ad262fd-Mapa.json,clic,detectado
1115,2022,https://cifras.conicet.gov.ar/archivos-grafico/7eebcc619443af7c24328b468f801872-Mapa.json,clic,detectado
1115,2023,https://cifras.conicet.gov.ar/archivos-grafico/c1b357f719513935573d8f18a1a3df24-Mapa.json,clic,detectado
1115,2025,https://cifras.conicet.gov.ar/archivos-grafico/31a5bf99f23a994d89c84af07c69e912-Mapa.json,clic,detectado
1121,2021,https://cifras.conicet.gov.ar/archivos-grafico/51f1ad8dbd84eea71edb0cf791fa01d5.json,carga_inicial,detectado
1121,2022,https://cifras.conicet.gov.ar/archivos-grafico/93b36eb44270492cd22361d164628ea2-Bar.json,clic,detectado
1121,2023,https://cifras.conicet.gov.ar/archivos-grafico/723b497d39a3f48257d9f1f096583d21-Bar.json,clic,detectado
1121,2024,https://cifras.conicet.gov.ar/archivos-grafico/40516c97b2d0f47f22c71a00c5226f29-Bar.json,clic,detectado
1121,2025,https://cifras.conicet.gov.ar/archivos-grafico/98a2e9988fa6592f43419694d4154c11-Bar.json,clic,detectado
1126,2021,https://cifras.conicet.gov.ar/archivos-grafico/01992a352548aa6a4352e673aa19a6a7-Bar.json,carga_inicial,detectado
1126,2022,https://cifras.conicet.gov.ar/archivos-grafico/616738bc1243989174cab41fbce96881-Bar.json,clic,detectado
1126,2023,https://cifras.conicet.gov.ar/archivos-grafico/1344393b2c0bc06b6d6dca1eb95f3fd8-Bar.json,clic,detectado
1126,2024,https://cifras.conicet.gov.ar/archivos-grafico/e21312b33785f0b151db1c780a12feb0-Bar.json,clic,detectado
1126,2025,https://cifras.conicet.gov.ar/archivos-grafico/393c8ae038b9ef0bf3c8b3b03bbf700d-Bar.json,clic,detectado
1131,2021,https://cifras.conicet.gov.ar/archivos-grafico/3bfe19c2dadcad077a8af68e498a66d1.json,carga_inicial,detectado
1131,2022,https://cifras.conicet.gov.ar/archivos-grafico/737b1cc85c250004382ba7ce18bb7e71-Bar.json,clic,detectado
1131,2023,https://cifras.conicet.gov.ar/archivos-grafico/8f43d13afd19a94286733d7e04952e9f-Bar.json,clic,detectado
1131,2024,https://cifras.conicet.gov.ar/archivos-grafico/b9b63aa4e930558995bc9881e99a91c3.json,clic,detectado
1131,2025,https://cifras.conicet.gov.ar/archivos-grafico/a009e6b1500c1db8424d7b5a6530b9f2-Bar.json,clic,detectado
1136,2025,NA,clic,sin_json
1137,2025,NA,clic,sin_json
1138,2025,NA,clic,sin_json
1139,2025,NA,clic,sin_json
1140,2025,NA,clic,sin_json
1141,2025,NA,clic,sin_json
1142,2023,https://cifras.conicet.gov.ar/archivos-grafico/4553f3205ebec25bf42e33419867f6db-Column.json,carga_inicial,detectado
